Tempo_unidade_s,Distancia_percorrida_pelo_veiculo_unidade_km,Consumo_de_combustivel_unidade_Lporh,Nivel_de_gases_NOx_na_saida_do_catalisador_unidade_ppm,Oxigenio_na_saida_do_catalisador_unidade_%,Porcentagem_de_carga_unidade_%,Porcentagem_de_torque_atual_do_motor_unidade_%,Pressao_do_ar_na_admissao_unidade_kPa,Pressao_do_oleo_do_motor_unidade_kPa,Temperatura_da_agua_unidade_deg_C,Temperatura_do_oleo_do_motor_unidade_deg_C,Temperatura_dos_gases_de_entrada_no_catalisador_unidade_deg_C,Temperatura_no_coletor_de_admissao_unidade_deg_C,Velocidade_do_motor_unidade_rpm,Velocidade_do_veiculo_unidade_kmporh
0.5,0.000,4.640,1111.340,20.970,31.900,13.376,98.000,184.000,42.000,39.375,65.406,32.000,644.442,0.000
0.5,0.000,5.060,1111.480,20.970,33.150,13.997,99.200,530.000,42.000,39.500,65.078,31.100,647.695,0.000
0.5,0.000,4.850,1111.500,20.970,31.950,13.370,100.000,552.000,42.000,39.594,65.406,30.100,650.360,0.000
0.5,0.000,4.905,1111.800,20.970,32.150,13.900,100.000,550.000,42.000,39.688,65.188,29.100,649.350,0.000
0.5,0.000,4.935,1111.740,20.970,32.150,13.990,100.000,554.000,42.000,39.781,65.297,28.300,649.640,0.000
0.5,0.000,4.945,1111.990,20.970,32.200,14.000,100.000,554.000,42.000,40.000,65.516,27.900,649.350,0.000
0.5,0.000,5.225,1112.270,20.970,40.100,17.030,100.000,556.000,42.000,40.094,65.625,27.000,653.590,0.000
0.5,0.000,30.745,1112.580,20.970,100.000,44.900,99.600,594.000,42.000,40.188,66.300,27.000,1384.350,0.000
0.5,0.000,33.870,1112.440,20.970,56.250,25.350,122.800,596.000,42.000,40.188,71.775,26.100,2162.360,0.000
0.5,0.000,3.645,1112.940,20.970,17.750,9.760,129.000,596.000,42.000,40.188,73.550,26.000,1513.770,0.000
0.5,0.000,47.070,1113.070,20.970,81.950,43.050,131.400,596.000,41.000,40.188,74.763,26.000,2047.060,0.000
0.5,0.000,3.665,1113.030,20.970,2.500,1.580,142.400,596.000,41.000,40.188,77.763,26.000,1836.750,0.000
0.5,0.000,0.000,1113.450,20.970,0.550,0.210,122.400,566.000,41.000,40.188,76.531,26.000,995.920,0.000
0.5,0.000,3.485,1113.570,20.970,23.350,10.810,110.200,496.000,41.000,40.188,75.984,26.000,627.620,0.000
0.5,0.000,4.475,1114.180,20.970,28.400,12.760,104.800,544.000,40.000,40.375,75.438,26.000,639.050,0.000
0.5,0.000,4.635,1114.560,20.970,30.000,13.000,102.200,550.000,40.000,40.500,75.328,26.000,646.927,0.000
0.5,0.000,5.686,1114.780,20.970,36.550,15.694,102.000,548.000,40.000,40.688,75.547,26.000,659.975,0.000
0.5,0.000,6.284,1115.160,20.970,36.450,14.694,101.000,568.000,40.000,40.875,75.547,26.000,768.132,0.000
0.5,0.000,6.942,1115.460,20.970,39.200,15.740,101.200,582.000,40.000,41.000,75.766,26.000,815.990,0.000
0.5,0.000,6.960,1115.610,20.970,38.900,15.930,102.000,576.000,40.000,41.188,75.984,26.000,820.420,0.000
0.5,0.000,6.535,1115.900,20.970,35.650,14.670,102.000,586.000,40.000,41.375,75.984,26.000,867.790,0.000
0.5,0.000,6.265,1116.450,20.970,32.850,13.890,102.000,584.000,40.000,41.594,76.531,26.000,889.010,0.000
0.5,0.000,6.220,1116.690,20.970,32.600,13.750,102.000,580.000,40.000,41.688,76.750,26.500,889.180,0.000
0.5,0.000,6.225,1116.940,20.970,32.500,13.730,102.000,580.000,40.000,41.781,76.750,27.000,889.180,0.000
0.5,0.000,6.260,1117.580,20.970,32.800,13.880,102.000,578.000,40.000,41.875,76.750,27.000,889.510,0.000
0.5,0.000,6.260,1117.780,20.970,32.400,13.740,102.000,578.000,40.000,41.875,76.750,27.000,890.570,0.000
0.5,0.000,6.270,1118.210,20.970,32.900,13.930,102.000,578.000,40.000,42.000,76.975,27.000,892.570,0.000
0.5,0.000,6.130,1118.690,20.970,32.100,13.550,102.000,580.000,40.000,42.094,77.650,27.000,898.220,0.000
0.5,0.000,5.950,1119.630,20.970,31.000,13.000,102.000,582.000,40.000,42.094,78.100,27.000,903.540,0.000
0.5,0.000,5.950,1119.830,20.970,31.000,13.000,102.000,580.000,40.000,42.188,78.213,27.000,904.590,0.000
0.5,0.000,5.950,1120.330,20.970,31.000,13.000,102.000,580.000,40.000,42.188,78.438,27.800,904.090,0.000
0.5,0.000,5.965,1120.530,20.970,31.000,13.000,102.000,580.000,40.000,42.188,78.550,28.000,905.250,0.000
0.5,0.000,5.975,1120.910,20.970,31.000,13.000,102.000,580.000,40.000,42.188,78.662,28.000,908.694,0.000
0.5,0.000,5.970,1121.490,20.970,31.000,13.000,102.000,580.000,40.000,42.188,78.775,28.000,908.853,0.000
0.5,0.000,6.085,1121.870,20.970,31.700,13.364,102.000,576.000,40.000,42.188,79.000,28.000,897.778,0.000
0.5,0.000,6.135,1122.360,20.970,31.900,13.450,102.000,580.000,40.000,42.188,79.000,28.000,908.170,0.000
0.5,0.000,6.265,1122.800,20.970,31.900,13.480,102.000,588.000,40.000,42.188,79.328,28.000,923.780,0.000
0.5,0.000,6.390,1123.080,20.970,32.600,13.800,102.000,584.000,40.000,42.188,79.656,28.000,923.390,0.000
0.5,0.000,6.435,1123.740,20.970,33.800,14.280,102.000,574.000,40.000,42.281,79.219,28.000,903.630,0.000
0.5,0.000,6.730,1124.570,20.970,36.000,15.000,102.000,568.000,40.000,42.281,80.094,28.000,891.740,0.000
0.5,0.000,6.600,1124.909,20.970,34.500,14.470,102.000,576.000,40.000,42.281,80.859,28.000,906.760,0.000
0.5,0.000,6.175,1125.390,20.970,31.250,13.170,102.000,592.000,40.000,42.281,80.750,28.000,929.820,0.000
0.5,0.000,6.140,1125.880,20.970,31.100,13.050,102.000,590.000,40.000,42.281,81.078,28.000,929.930,0.000
0.5,0.000,6.140,1126.190,20.970,31.100,13.070,102.000,584.000,40.000,42.281,80.969,28.000,928.130,0.000
0.5,0.000,6.100,1126.720,20.970,31.000,13.010,102.000,584.000,40.000,42.281,81.188,28.000,928.290,0.000
0.5,0.000,6.100,1127.380,20.970,31.100,13.040,102.000,582.000,40.000,42.281,81.188,28.000,929.010,0.000
0.5,0.000,6.140,1127.540,20.970,31.200,13.070,102.000,584.000,40.000,42.375,81.188,28.000,932.160,0.000
0.5,0.000,6.100,1128.080,20.970,31.000,13.000,102.000,584.000,40.000,42.375,81.188,27.500,932.060,0.000
0.5,0.000,6.100,1128.560,20.970,31.000,13.010,102.000,584.000,40.000,42.375,81.188,27.000,931.960,0.000
0.5,0.000,6.140,1129.060,20.970,31.100,13.020,102.000,584.000,40.000,42.375,81.188,27.000,932.120,0.000
0.5,0.000,6.150,1129.900,20.970,31.150,13.100,102.000,582.000,40.000,42.375,81.525,27.000,931.744,0.000
0.5,0.000,6.135,1130.290,20.970,31.050,13.050,102.000,584.000,40.000,42.375,81.750,27.000,933.890,0.000
0.5,0.000,6.215,1130.910,20.970,31.250,13.150,102.000,582.000,40.000,42.375,81.638,27.000,935.290,0.000
0.5,0.000,6.150,1131.250,20.970,30.150,13.000,102.000,586.000,40.000,42.375,81.750,27.000,939.830,0.000
0.5,0.000,6.150,1131.700,20.970,30.100,13.000,102.000,584.000,40.000,42.500,82.537,27.000,940.260,0.000
0.5,0.000,6.165,1132.040,20.970,30.000,13.000,102.000,584.000,40.000,42.500,82.875,27.000,940.850,0.000
0.5,0.000,6.235,1132.260,20.970,30.400,13.160,102.000,586.000,40.000,42.500,82.875,26.900,946.070,0.000
0.5,0.000,6.230,1132.850,20.970,30.150,13.040,102.000,588.000,40.000,42.500,82.987,26.000,947.730,0.000
0.5,0.000,6.290,1133.330,20.970,30.350,13.150,102.000,588.000,40.000,42.500,83.325,26.000,948.440,0.000
0.5,0.000,6.205,1133.740,20.970,30.150,13.020,102.800,588.000,40.000,42.500,83.438,26.000,950.720,0.000
0.5,0.000,6.210,1134.050,20.970,30.000,13.000,102.800,584.000,40.000,42.500,83.438,26.000,950.180,0.000
0.5,0.000,6.250,1134.680,20.970,30.350,13.100,103.000,586.000,40.000,42.594,83.438,26.000,951.910,0.000
0.5,0.000,6.215,1135.000,20.970,30.100,13.080,104.000,584.000,40.000,42.594,83.438,26.000,950.201,0.000
0.5,0.000,6.340,1135.510,20.970,30.583,13.150,104.000,584.000,40.000,42.688,83.438,26.000,951.270,0.000
0.5,0.000,6.255,1135.950,20.970,30.150,13.020,103.800,584.000,40.000,42.688,83.547,26.000,950.920,0.000
0.5,0.000,6.310,1136.620,20.970,30.400,13.120,104.000,584.000,40.000,42.688,83.656,26.000,954.080,0.000
0.5,0.000,6.205,1137.050,20.970,30.300,13.100,104.000,582.000,40.000,42.688,83.766,26.000,949.630,0.000
0.5,0.000,6.215,1137.570,20.970,30.000,13.000,104.000,584.000,40.000,42.781,84.641,26.000,949.950,0.000
0.5,0.000,6.280,1138.120,20.970,30.350,13.160,103.800,582.000,40.000,42.781,84.203,25.300,949.520,0.000
0.5,0.000,6.245,1138.170,20.970,30.300,13.060,104.000,584.000,40.000,42.781,84.531,25.000,951.970,0.000
0.5,0.000,6.250,1138.850,20.970,30.100,13.040,104.000,584.000,41.000,42.781,84.859,25.000,951.730,0.000
0.5,0.000,6.200,1139.330,20.970,30.000,13.000,104.000,584.000,41.000,42.875,85.188,25.000,952.700,0.000
0.5,0.000,6.200,1139.710,20.970,30.000,13.000,104.000,584.000,41.000,42.875,85.188,25.000,952.540,0.000
0.5,0.000,6.205,1140.170,20.970,30.000,13.000,104.000,584.000,41.000,42.875,85.406,25.000,952.550,0.000
0.5,0.000,6.200,1140.460,20.970,30.000,13.000,104.000,580.000,41.000,42.875,85.406,25.000,952.180,0.000
0.5,0.000,6.200,1141.010,20.970,30.000,13.000,104.000,584.000,41.000,43.000,85.297,25.000,952.458,0.000
0.5,0.000,6.215,1141.220,20.970,30.000,13.000,104.000,584.000,41.000,43.000,85.625,25.000,952.952,0.000
0.5,0.000,6.200,1141.590,20.970,30.000,13.000,104.000,580.000,41.000,43.000,85.625,25.000,952.774,0.000
0.5,0.000,6.205,1142.560,20.970,30.000,13.000,104.000,580.000,41.000,43.000,85.625,25.000,953.390,0.000
0.5,0.000,6.205,1142.850,20.970,30.000,13.000,104.000,582.000,41.000,43.094,85.625,25.000,951.810,0.000
0.5,0.000,6.290,1143.180,20.970,30.350,13.140,104.000,580.000,41.000,43.094,85.625,25.000,950.930,0.000
0.5,0.000,6.250,1143.610,20.970,30.200,13.130,104.000,580.000,41.000,43.094,85.625,25.000,950.040,0.000
0.5,0.000,6.250,1144.190,20.970,30.100,13.040,104.000,580.000,41.000,43.094,85.625,25.000,951.260,0.000
0.5,0.000,6.290,1144.410,20.970,30.300,13.150,104.000,580.000,41.000,43.188,85.625,25.000,951.110,0.000
0.5,0.000,6.290,1144.790,20.970,30.200,13.110,104.000,580.000,41.000,43.188,85.963,25.000,951.680,0.000
0.5,0.000,6.255,1145.340,20.970,30.300,13.130,104.000,580.000,41.000,43.188,86.638,25.000,952.520,0.000
0.5,0.000,6.255,1145.440,20.970,30.200,13.100,104.000,580.000,41.000,43.188,86.412,25.000,952.180,0.000
0.5,0.000,6.205,1145.900,20.970,30.000,13.000,104.000,580.000,41.000,43.281,86.862,24.800,951.830,0.000
0.5,0.000,6.250,1146.530,20.970,30.100,13.040,104.000,580.000,41.000,43.375,87.088,24.000,951.770,0.000
0.5,0.000,6.205,1146.630,20.970,30.200,13.120,104.000,578.000,41.000,43.375,87.200,24.000,951.940,0.000
0.5,0.000,6.250,1147.000,20.970,30.200,13.141,104.000,576.000,41.000,43.375,87.200,24.000,951.820,0.000
0.5,0.000,6.245,1147.430,20.970,30.100,13.061,104.000,580.000,41.000,43.500,87.425,24.000,952.573,0.000
0.5,0.000,6.200,1148.010,20.970,30.200,13.080,104.000,580.000,41.000,43.500,87.537,24.000,952.690,0.000
0.5,0.000,6.280,1148.360,20.970,30.300,13.180,104.000,578.000,41.000,43.500,87.763,24.000,955.560,0.000
0.5,0.000,6.250,1148.630,20.970,30.100,13.070,104.000,578.000,41.000,43.500,87.763,24.000,953.650,0.000
0.5,0.000,6.245,1148.820,20.970,30.200,13.080,104.000,576.000,41.000,43.594,87.875,24.000,952.960,0.000
0.5,0.000,6.270,1149.240,20.970,30.200,13.110,104.000,578.000,41.000,43.594,87.875,24.000,953.870,0.000
0.5,0.000,6.255,1149.530,20.970,30.300,13.140,104.000,576.000,41.000,43.594,87.875,24.000,953.110,0.000
0.5,0.000,6.215,1149.930,20.970,30.100,13.090,104.000,576.000,41.000,43.594,87.875,24.000,954.150,0.000
0.5,0.000,6.250,1150.180,20.970,30.200,13.070,104.000,576.000,41.000,43.688,87.875,24.000,952.630,0.000
0.5,0.000,6.205,1150.170,20.970,30.100,13.050,104.000,576.000,41.000,43.688,87.875,24.000,952.930,0.000
0.5,0.000,6.210,1150.490,20.970,30.100,13.070,104.000,576.000,41.000,43.688,87.875,24.000,952.860,0.000
0.5,0.000,6.245,1151.120,20.970,30.200,13.070,104.000,576.000,41.000,43.688,87.987,24.000,952.980,0.000
0.5,0.000,2.740,1151.360,20.970,12.950,5.780,104.000,562.000,41.000,43.781,88.325,24.000,851.080,0.000
0.5,0.000,3.855,1151.490,20.970,25.250,11.120,103.600,520.000,41.000,43.781,87.875,24.000,633.020,0.000
0.5,0.000,4.240,1151.680,20.970,27.550,12.000,102.000,540.000,41.000,43.781,87.875,24.000,643.614,0.000
0.5,0.000,4.285,1152.160,20.970,27.950,12.000,102.000,544.000,41.000,43.781,87.875,24.000,648.735,0.000
0.5,0.000,4.365,1152.290,20.970,28.400,12.260,101.800,544.000,41.000,43.875,87.875,24.000,650.269,0.000
0.5,0.000,4.315,1152.530,20.970,28.100,11.960,100.000,550.000,41.000,43.875,87.875,24.000,653.050,0.000
0.5,0.000,4.890,1152.580,20.970,31.900,13.780,100.000,540.000,41.000,43.875,87.875,24.000,645.870,0.000
0.5,0.000,6.530,1152.920,20.970,41.800,18.180,100.600,532.000,41.000,43.875,87.875,24.000,639.090,0.000
0.5,0.000,5.985,1152.870,20.970,37.950,16.160,102.000,544.000,41.000,44.000,87.875,24.000,655.550,0.664
0.5,0.000,5.425,1153.530,20.970,34.750,15.000,102.000,548.000,41.000,44.094,88.100,24.000,654.190,1.244
0.5,0.000,5.540,1153.520,20.970,35.350,15.120,102.000,542.000,41.000,44.094,88.100,24.000,649.770,1.768
0.5,0.000,6.040,1154.050,20.970,38.650,16.810,102.000,540.000,42.000,44.094,88.325,24.000,645.080,2.233
0.5,0.005,7.840,1154.200,20.970,49.900,21.270,102.000,540.000,42.000,44.094,89.112,24.000,678.140,2.913
0.5,0.000,11.375,1154.070,20.970,62.250,25.940,102.000,596.000,42.000,44.188,89.787,24.000,869.800,3.744
0.5,0.000,14.755,1154.580,20.970,59.700,27.130,102.800,596.000,42.000,44.188,91.109,24.000,1094.000,4.754
0.5,0.000,9.640,1154.970,20.970,37.450,17.870,106.000,596.000,42.000,44.188,92.312,24.000,1151.840,5.099
0.5,0.005,9.070,1154.760,20.970,33.400,16.260,106.000,596.000,42.000,44.188,92.763,24.000,1207.560,5.317
0.5,0.000,12.360,1155.210,20.970,44.150,21.790,107.800,596.000,42.000,44.188,93.100,24.000,1200.400,5.307
0.5,0.000,12.485,1155.330,20.970,42.500,21.140,109.000,596.000,42.000,44.281,94.450,24.000,1243.410,5.484
0.5,0.005,12.185,1155.580,20.970,41.400,20.670,110.000,596.000,42.000,44.281,94.562,24.000,1254.181,5.559
0.5,0.000,13.550,1155.835,20.970,45.000,22.590,110.000,596.000,42.000,44.281,94.562,24.000,1271.595,5.609
0.5,0.000,14.055,1155.989,20.970,44.700,22.774,112.000,596.000,42.000,44.281,96.203,24.000,1302.465,5.748
0.5,0.000,14.200,1156.249,20.970,44.650,22.874,112.000,596.000,42.000,44.281,96.641,24.000,1325.508,5.858
0.5,0.005,15.205,1156.571,20.970,45.050,23.510,113.250,596.000,42.000,44.375,96.862,24.000,1364.380,6.024
0.5,0.000,13.305,1156.669,20.970,39.300,20.640,114.000,596.000,42.000,44.375,97.763,24.000,1389.570,6.138
0.5,0.000,13.450,1156.740,20.970,40.000,21.000,114.000,596.000,42.000,44.375,98.100,24.000,1380.330,6.113
0.5,0.005,13.710,1157.130,20.970,40.600,21.330,114.000,596.000,42.000,44.500,98.325,24.000,1384.030,6.143
0.5,0.000,14.025,1157.290,20.970,41.500,21.730,114.000,596.000,42.000,44.500,98.775,24.000,1379.450,6.098
0.5,0.005,13.700,1157.360,20.970,40.600,21.280,114.000,596.000,42.000,44.594,99.000,24.000,1385.060,6.113
0.5,0.000,13.470,1157.720,20.970,39.600,20.790,114.000,596.000,42.000,44.688,99.109,24.000,1400.490,6.189
0.5,0.000,12.765,1157.740,20.970,37.300,19.670,114.000,596.000,42.000,44.688,99.328,24.000,1416.340,6.263
0.5,0.005,12.665,1157.970,20.970,37.000,19.430,114.000,596.000,42.000,44.781,99.656,24.000,1419.640,6.282
0.5,0.000,12.940,1158.160,20.970,38.267,20.180,114.000,596.000,42.000,44.781,100.531,24.000,1397.643,6.179
0.5,0.000,13.590,1158.300,20.970,41.000,21.500,114.000,596.000,42.000,44.875,100.859,24.000,1360.332,6.024
0.5,0.005,14.150,1158.680,20.970,43.267,22.635,114.000,596.000,42.000,44.875,101.300,24.000,1334.934,5.919
0.5,0.000,14.490,1158.560,20.970,44.000,23.000,114.000,596.000,42.000,45.000,101.525,24.000,1333.320,5.898
0.5,0.000,14.425,1158.910,20.970,43.800,22.900,114.000,596.000,42.000,45.000,102.763,24.000,1333.300,5.898
0.5,0.005,13.930,1159.120,20.970,41.950,22.040,114.000,596.000,42.000,45.094,103.325,24.000,1315.760,5.828
0.5,0.000,10.900,1159.190,20.970,37.850,19.400,113.200,582.000,42.000,45.188,103.438,24.000,1219.610,5.444
0.5,0.000,12.700,1159.260,20.970,44.900,22.920,112.000,570.000,42.000,45.188,103.438,24.000,1159.120,5.168
0.5,0.000,9.710,1159.330,20.970,36.300,18.130,111.000,560.000,43.000,45.281,103.984,24.000,1093.880,4.874
0.5,0.005,9.390,1159.700,20.970,40.000,18.890,109.600,552.000,43.000,45.375,104.859,24.000,1003.150,4.504
0.5,0.000,4.980,1159.650,20.970,22.000,10.040,107.200,546.000,43.000,45.375,104.969,24.000,866.950,3.898
0.5,0.000,2.830,1159.880,20.970,20.050,8.660,105.200,530.000,43.000,45.500,104.312,24.000,664.770,3.073
0.5,0.000,4.050,1159.900,20.970,26.700,11.690,103.000,528.000,43.000,45.500,103.656,24.000,639.800,2.163
0.5,0.000,4.510,1159.870,20.970,29.350,12.700,102.000,526.000,43.000,45.594,103.438,24.000,642.310,0.797
0.5,0.000,5.020,1159.970,20.970,32.700,14.130,102.000,532.000,43.000,45.594,103.438,24.000,638.750,0.598
0.5,0.000,10.725,1160.120,20.970,67.150,28.187,102.000,550.000,43.000,45.594,103.438,24.000,747.165,0.120
0.5,0.000,16.210,1160.170,20.970,87.450,36.800,104.400,580.000,43.000,45.688,105.078,24.800,841.440,1.623
0.5,0.005,18.390,1160.390,20.970,98.850,42.900,109.000,546.000,43.000,45.688,107.088,25.000,800.810,4.249
0.5,0.000,27.125,1160.150,20.970,94.900,48.120,112.400,594.000,43.000,45.688,109.672,25.000,1110.270,6.554
0.5,0.000,21.740,1160.370,20.970,50.000,29.110,122.200,596.000,43.000,45.781,113.888,25.000,1300.820,7.924
0.5,0.005,4.455,1160.510,20.970,23.350,10.980,116.200,558.000,43.000,45.781,114.672,25.000,969.150,8.419
0.5,0.000,21.385,1160.450,20.970,89.500,43.090,112.000,564.000,43.000,45.781,114.562,24.300,1004.480,8.873
0.5,0.005,30.870,1160.860,20.970,94.250,52.480,119.000,596.000,43.000,45.781,117.537,24.000,1145.510,10.068
0.5,0.000,30.880,1160.820,20.970,73.000,46.330,130.400,596.000,43.000,45.875,121.197,24.000,1281.070,11.294
0.5,0.005,24.830,1160.820,20.970,57.000,36.130,132.000,596.000,43.000,45.875,123.766,24.000,1370.600,12.138
0.5,0.005,19.390,1160.940,20.970,46.250,28.400,128.400,596.000,43.000,45.875,125.406,24.000,1386.030,12.283
0.5,0.000,17.920,1160.980,20.970,46.400,27.150,123.600,596.000,43.000,45.875,125.737,24.000,1382.890,12.273
0.5,0.005,20.565,1161.040,20.970,53.250,30.840,122.000,596.000,43.000,46.000,126.188,24.000,1391.740,12.323
0.5,0.005,25.030,1161.240,20.970,57.650,35.000,126.200,596.000,43.000,46.094,127.537,24.000,1426.380,12.648
0.5,0.005,16.170,1161.310,20.970,38.850,23.480,126.200,596.000,44.000,46.094,128.438,24.000,1431.979,12.723
0.5,0.000,14.415,1161.560,20.970,39.050,22.070,120.800,596.000,44.000,46.188,128.325,24.000,1413.340,12.573
0.5,0.005,15.258,1161.380,20.970,42.050,23.183,118.200,596.000,44.000,46.188,128.100,24.000,1397.773,12.403
0.5,0.005,15.115,1161.530,20.970,41.800,22.970,118.000,596.000,44.000,46.281,128.438,24.000,1398.578,12.419
0.5,0.000,10.961,1161.760,20.970,32.100,17.340,116.800,596.000,44.000,46.281,127.875,24.000,1369.390,12.213
0.5,0.005,8.565,1161.850,20.970,25.550,13.330,113.800,594.000,44.000,46.375,127.875,23.500,1356.940,12.043
0.5,0.005,9.085,1161.830,20.970,28.100,14.540,112.000,596.000,44.000,46.375,127.650,23.000,1326.160,11.773
0.5,0.000,7.980,1161.770,20.970,24.850,12.730,112.000,594.000,44.000,46.500,126.975,23.000,1296.550,11.533
0.5,0.005,5.990,1161.830,20.970,18.600,9.310,110.200,582.000,44.000,46.500,125.963,23.000,1246.030,11.088
0.5,0.000,4.680,1161.850,20.970,15.000,7.470,110.000,568.000,44.000,46.688,125.406,23.000,1189.260,10.573
0.5,0.005,10.830,1162.010,20.970,35.300,17.510,108.000,564.000,44.000,46.688,124.969,23.000,1222.570,10.048
0.5,0.005,8.490,1162.070,20.970,27.950,13.650,110.800,594.000,44.000,46.781,124.969,23.000,1287.320,9.503
0.5,0.000,25.075,1162.120,20.970,69.550,36.660,112.200,590.000,44.000,46.781,124.422,23.000,1322.880,9.669
0.5,0.005,34.895,1162.120,20.970,79.450,49.690,128.800,588.000,44.000,46.875,127.312,23.000,1361.650,9.943
0.5,0.000,42.565,1162.360,20.970,75.400,54.520,146.400,596.000,44.000,46.875,131.109,23.000,1491.640,10.899
0.5,0.005,46.535,1162.490,20.970,75.350,55.690,164.200,596.000,44.000,47.000,134.659,23.000,1579.508,11.543
0.5,0.005,46.710,1162.490,20.970,73.250,55.727,179.600,596.000,44.000,47.094,137.762,23.700,1585.660,11.623
0.5,0.000,57.480,1162.580,20.970,83.750,66.860,192.200,596.000,44.000,47.094,140.641,24.000,1600.240,11.748
0.5,0.005,59.080,1162.600,20.970,79.300,67.550,207.600,596.000,44.000,47.188,143.872,24.000,1619.250,11.863
0.5,0.005,59.420,1162.780,20.970,77.500,68.740,213.800,596.000,44.000,47.188,146.975,24.300,1602.050,11.773
0.5,0.000,60.050,1162.930,20.970,76.900,69.870,217.400,596.000,45.000,47.375,149.931,25.000,1587.060,11.659
0.5,0.005,57.555,1163.070,20.970,74.050,67.360,218.000,596.000,45.000,47.500,152.944,25.700,1588.560,11.679
0.5,0.000,59.230,1163.150,20.970,77.650,69.870,215.200,596.000,45.000,47.500,156.019,26.300,1567.140,11.514
0.5,0.005,60.240,1163.270,20.970,78.800,72.200,218.200,596.000,45.000,47.594,158.581,27.000,1538.970,11.313
0.5,0.005,60.270,1163.500,20.970,78.350,71.580,220.000,596.000,45.000,47.688,162.553,27.800,1554.640,11.383
0.5,0.000,59.925,1163.660,20.970,76.150,69.100,220.000,596.000,45.000,47.688,165.372,28.400,1602.490,11.723
0.5,0.005,59.375,1163.890,20.970,74.950,67.370,221.000,596.000,45.000,47.781,168.319,29.000,1633.760,11.975
0.5,0.005,59.390,1164.090,20.970,74.850,66.830,222.000,596.000,45.000,47.875,171.266,29.900,1646.600,12.073
0.5,0.000,59.275,1164.460,20.970,74.000,66.000,222.600,596.000,45.000,48.000,173.572,30.400,1663.740,12.189
0.5,0.005,58.950,1164.580,20.970,73.500,65.480,223.600,596.000,45.000,48.094,176.134,31.000,1667.890,12.243
0.5,0.005,58.910,1165.090,20.970,73.400,65.385,224.000,596.000,46.000,48.188,178.056,32.000,1669.176,12.233
0.5,0.000,58.765,1165.400,20.970,73.400,65.040,224.000,596.000,46.000,48.281,180.491,32.500,1676.352,12.293
0.5,0.005,58.755,1165.460,20.970,73.450,65.000,224.000,596.000,46.000,48.375,182.412,33.000,1676.684,12.313
0.5,0.005,58.630,1166.020,20.970,73.250,65.060,224.000,596.000,46.000,48.594,184.847,34.000,1670.675,12.273
0.5,0.000,58.685,1166.400,20.970,73.600,65.000,224.200,596.000,46.000,48.688,186.769,34.500,1674.170,12.282
0.5,0.005,58.835,1166.670,20.970,73.700,64.560,224.200,596.000,46.000,48.875,188.562,35.000,1690.780,12.403
0.5,0.005,58.630,1167.130,20.970,73.450,63.380,224.000,596.000,46.000,49.000,190.741,36.000,1714.300,12.574
0.5,0.005,58.740,1167.500,20.970,73.450,62.430,224.000,596.000,47.000,49.094,192.022,36.500,1739.720,12.773
0.5,0.000,58.705,1167.920,20.970,72.500,60.940,224.200,596.000,47.000,49.188,193.816,37.100,1781.680,13.039
0.5,0.005,58.420,1168.300,20.970,71.000,58.630,226.000,596.000,47.000,49.375,195.866,38.000,1839.160,13.489
0.5,0.005,54.120,1169.030,20.970,66.150,53.810,226.000,596.000,47.000,49.500,196.762,38.700,1868.630,13.733
0.5,0.000,7.200,1169.760,20.970,15.750,11.580,185.800,592.000,47.000,49.688,196.762,39.000,1438.030,12.234
0.5,0.005,39.210,1170.630,20.970,78.850,55.850,145.600,596.000,47.000,49.781,195.609,39.000,1341.690,11.888
0.5,0.005,60.030,1171.130,20.970,97.650,78.640,176.600,596.000,48.000,49.875,199.325,39.000,1404.800,12.418
0.5,0.005,60.770,1171.850,20.970,86.550,72.550,210.000,596.000,48.000,50.094,204.322,39.900,1543.470,13.633
0.5,0.000,59.560,1172.370,20.970,76.750,66.710,222.800,596.000,48.000,50.188,207.012,40.000,1652.850,14.639
0.5,0.005,58.870,1172.740,20.970,74.050,63.600,226.000,596.000,48.000,50.375,209.447,40.000,1714.600,15.203
0.5,0.005,13.050,1173.360,20.970,21.350,17.360,199.000,590.000,48.000,50.594,210.216,40.400,1422.950,14.579
0.5,0.005,45.905,1173.815,20.970,86.100,65.170,155.200,578.000,49.000,50.688,208.806,40.100,1333.030,14.283
0.5,0.005,60.445,1174.759,20.970,95.250,81.794,186.000,596.000,49.000,50.875,212.778,40.000,1358.444,14.553
0.5,0.000,61.135,1175.212,20.970,86.500,77.490,214.400,596.000,49.000,51.000,217.647,40.000,1448.081,15.508
0.5,0.005,60.900,1175.900,20.970,79.850,73.327,226.000,596.000,49.000,51.188,221.106,40.000,1524.926,16.313
0.5,0.005,60.160,1176.460,20.970,76.250,70.220,229.000,596.000,49.000,51.281,223.669,40.900,1580.950,16.933
0.5,0.005,59.650,1177.740,20.970,74.500,67.840,230.000,596.000,49.000,51.500,224.950,41.000,1626.180,17.423
0.5,0.005,59.245,1178.360,20.970,73.500,66.490,230.400,596.000,50.000,51.594,226.359,41.000,1650.780,17.688
0.5,0.005,58.840,1179.600,20.970,72.200,65.040,230.600,596.000,50.000,51.781,227.256,41.000,1673.170,17.954
0.5,0.005,14.325,1180.550,20.970,22.000,18.600,203.400,596.000,50.000,52.000,227.512,41.000,1459.530,16.653
0.5,0.005,24.135,1181.320,20.970,57.700,38.980,143.600,574.000,50.000,52.094,225.206,41.000,1228.050,15.519
0.5,0.005,48.935,1182.570,20.970,100.000,77.500,155.200,562.000,50.000,52.281,226.744,41.000,1176.720,14.874
0.5,0.005,58.750,1183.930,20.970,100.000,88.830,182.800,584.000,51.000,52.375,231.741,41.000,1216.190,15.408
0.5,0.005,67.410,1184.920,20.970,100.000,94.768,210.400,596.000,51.000,52.594,236.866,41.000,1290.773,16.309
0.5,0.005,77.265,1185.810,20.970,98.567,99.116,240.400,596.000,51.000,52.688,241.734,41.000,1388.133,17.534
0.5,0.005,84.200,1186.860,20.970,95.050,99.040,261.800,596.000,51.000,52.875,246.741,41.000,1489.232,18.828
0.5,0.005,85.980,1188.010,20.970,92.500,95.680,261.200,596.000,51.000,53.094,251.363,41.000,1591.350,20.128
0.5,0.005,86.985,1189.160,20.970,93.250,92.679,256.000,596.000,51.000,53.188,254.803,41.300,1672.515,21.159
0.5,0.005,61.490,1190.370,20.970,65.600,65.360,248.000,596.000,52.000,53.375,258.569,42.000,1681.760,21.403
0.5,0.005,5.955,1191.020,20.970,12.050,8.990,181.400,586.000,52.000,53.500,257.031,42.000,1363.580,19.868
0.5,0.005,39.345,1192.100,20.970,89.850,62.380,145.200,568.000,52.000,53.688,254.800,42.000,1225.530,18.768
0.5,0.005,54.875,1193.460,20.970,100.000,85.290,171.800,570.000,52.000,53.781,257.587,42.000,1193.750,18.283
0.5,0.005,62.075,1194.670,20.970,100.000,93.920,200.800,582.000,53.000,54.000,262.456,42.000,1210.400,18.529
0.5,0.005,67.235,1195.700,20.970,100.000,97.480,222.400,590.000,53.000,54.094,266.481,42.000,1245.170,19.074
0.5,0.005,72.025,1197.080,20.970,99.000,99.800,239.000,596.000,53.000,54.281,270.800,42.000,1286.470,19.669
0.5,0.010,74.840,1198.250,20.970,95.650,100.000,251.600,596.000,53.000,54.375,274.281,42.000,1330.130,20.373
0.5,0.005,77.475,1199.570,20.970,95.000,100.000,259.600,596.000,53.000,54.594,277.738,42.200,1377.200,21.073
0.5,0.005,80.790,1201.160,20.970,95.000,100.000,265.200,596.000,54.000,54.688,280.913,43.000,1425.970,21.824
0.5,0.005,83.455,1202.780,20.970,94.200,99.040,265.600,596.000,54.000,54.875,284.675,43.000,1475.921,22.598
0.5,0.005,85.455,1203.980,20.970,94.300,98.325,263.400,596.000,54.000,55.000,287.594,43.400,1522.227,23.313
0.5,0.010,85.235,1205.160,20.970,92.800,96.790,260.800,596.000,54.000,55.094,290.925,44.000,1558.300,23.859
0.5,0.005,85.815,1206.700,20.970,91.700,95.440,259.000,596.000,54.000,55.281,293.997,44.500,1592.880,24.399
0.5,0.005,86.210,1208.290,20.970,92.800,94.450,258.000,596.000,55.000,55.375,297.316,45.000,1619.390,24.813
0.5,0.010,86.475,1209.840,20.970,93.350,93.430,256.200,596.000,55.000,55.594,299.578,46.000,1646.210,25.223
0.5,0.005,86.590,1211.290,20.970,93.050,92.270,256.000,596.000,55.000,55.688,302.156,46.600,1672.640,25.633
0.5,0.010,48.535,1213.190,20.970,50.650,50.520,248.200,596.000,55.000,55.875,304.812,47.300,1545.090,25.104
0.5,0.005,22.190,1214.410,20.970,48.850,35.140,165.800,570.000,55.000,56.094,302.312,48.000,1283.660,24.138
0.5,0.005,55.260,1215.840,20.970,100.000,83.610,171.400,558.000,56.000,56.281,302.000,48.000,1231.420,22.994
0.5,0.010,63.055,1217.560,20.970,100.000,94.130,204.600,576.000,56.000,56.375,305.281,48.000,1226.100,22.973
0.5,0.005,67.305,1219.000,20.970,100.000,98.230,227.600,582.000,56.000,56.594,309.031,48.000,1232.580,23.054
0.5,0.005,70.470,1221.100,20.970,99.550,100.600,241.600,584.000,56.000,56.781,312.156,48.000,1245.160,23.284
0.5,0.010,72.035,1222.440,20.970,97.250,100.920,250.600,588.000,57.000,56.875,315.594,48.000,1264.870,23.668
0.5,0.005,72.140,1224.490,20.970,95.100,100.010,254.200,590.000,57.000,57.094,318.719,48.000,1283.740,24.008
0.5,0.005,73.020,1226.330,20.970,95.000,100.000,256.000,590.000,57.000,57.281,321.062,48.000,1298.048,24.298
0.5,0.010,73.635,1228.020,20.970,95.000,100.000,258.000,592.000,57.000,57.375,323.250,48.000,1308.849,24.509
0.5,0.005,74.195,1230.170,20.970,95.000,100.000,258.800,592.000,57.000,57.594,325.750,48.000,1319.490,24.683
0.5,0.005,74.725,1232.150,20.970,95.000,100.000,260.200,590.000,58.000,57.688,328.406,48.000,1328.500,24.853
0.5,0.010,75.310,1233.760,20.970,95.000,100.000,262.200,590.000,58.000,57.875,331.062,48.000,1339.050,25.054
0.5,0.005,75.730,1235.680,20.970,95.000,100.000,263.800,590.000,58.000,58.000,332.000,48.000,1345.810,25.198
0.5,0.005,76.005,1237.560,20.970,95.000,100.000,264.000,588.000,58.000,58.188,334.656,48.000,1350.670,25.283
0.5,0.010,76.195,1239.800,20.970,95.000,100.000,264.000,588.000,58.000,58.281,337.469,48.600,1354.220,25.364
0.5,0.005,76.500,1241.580,20.970,95.000,100.000,265.600,590.000,59.000,58.375,338.875,49.000,1360.010,25.463
0.5,0.010,76.865,1243.730,20.970,95.000,100.000,266.000,592.000,59.000,58.594,340.906,49.000,1365.500,25.554
0.5,0.005,77.200,1245.860,20.970,95.000,100.000,266.800,590.000,59.000,58.781,343.719,49.800,1372.570,25.683
0.5,0.010,77.985,1247.800,20.970,95.000,100.000,268.000,590.000,59.000,58.875,344.969,50.000,1385.690,25.934
0.5,0.005,78.455,1250.020,20.970,95.000,100.000,268.600,592.000,59.000,59.094,347.781,50.600,1394.520,26.088
0.5,0.005,79.095,1252.040,20.970,95.000,100.000,268.000,592.000,60.000,59.188,349.812,51.000,1404.050,26.283
0.5,0.010,80.155,1254.380,20.970,95.000,100.000,268.000,596.000,60.000,59.375,351.781,51.600,1418.004,26.544
0.5,0.005,81.565,1256.680,20.970,95.000,100.000,268.000,596.000,60.000,59.594,353.934,52.000,1435.989,26.863
0.5,0.010,82.435,1259.100,20.970,94.750,99.750,268.000,596.000,60.000,59.688,356.584,52.556,1450.486,27.144
0.5,0.005,82.395,1261.690,20.970,95.150,99.150,266.000,596.000,61.000,59.875,359.281,53.000,1459.540,27.309
0.5,0.010,83.535,1264.250,20.970,95.900,99.000,266.000,596.000,61.000,60.094,361.947,53.750,1478.180,27.653
0.5,0.010,84.830,1266.900,20.970,96.050,99.000,266.000,596.000,61.000,60.281,364.100,54.000,1496.190,27.998
0.5,0.005,85.335,1269.700,20.970,96.550,98.570,264.400,596.000,61.000,60.500,366.750,54.700,1512.140,28.284
0.5,0.010,85.175,1272.250,20.970,96.000,98.000,262.000,596.000,62.000,60.688,369.113,55.000,1528.720,28.603
0.5,0.005,85.040,1274.810,20.970,95.050,97.050,261.000,596.000,62.000,61.000,370.953,55.700,1547.850,28.953
0.5,0.010,85.490,1277.120,20.970,94.550,96.530,260.000,596.000,62.000,61.188,373.272,56.000,1567.000,29.314
0.5,0.010,85.730,1280.130,20.970,93.550,95.570,260.000,596.000,63.000,61.375,374.762,56.600,1589.300,29.724
0.5,0.005,41.430,1282.510,20.970,43.400,43.290,240.000,596.000,63.000,61.594,376.584,57.000,1443.460,29.219
0.5,0.010,34.970,1285.270,20.970,71.750,55.600,167.800,566.000,63.000,61.875,373.769,57.000,1271.810,28.838
0.5,0.005,61.200,1287.800,20.970,100.000,89.750,196.600,574.000,63.000,62.094,373.603,57.000,1258.550,28.434
0.5,0.010,68.435,1290.280,20.970,100.000,97.130,229.000,580.000,64.000,62.281,376.087,56.200,1275.890,28.858
0.5,0.010,73.080,1292.670,20.970,97.850,100.000,251.200,582.000,64.000,62.500,377.762,56.000,1301.380,29.423
0.5,0.005,75.220,1295.020,20.970,95.150,100.000,261.000,582.000,64.000,62.688,379.956,56.000,1337.640,30.263
0.5,0.010,77.205,1297.550,20.970,95.000,100.000,266.400,588.000,64.000,63.000,380.953,56.000,1373.402,31.038
0.5,0.010,79.810,1300.240,20.970,95.000,100.000,269.800,592.000,64.000,63.188,382.609,56.000,1414.728,31.968
0.5,0.010,82.750,1303.080,20.970,94.750,99.400,270.200,594.000,65.000,63.375,383.272,56.000,1460.833,33.033
0.5,0.005,84.945,1305.830,20.970,95.550,98.640,267.800,596.000,65.000,63.594,385.259,56.000,1509.550,34.088
0.5,0.010,20.765,1308.750,20.970,22.950,22.000,222.000,578.000,65.000,63.875,385.425,56.000,1330.780,33.853
0.5,0.010,46.315,1311.520,20.970,91.950,74.180,168.600,558.000,65.000,64.094,381.947,55.800,1239.050,34.214
0.5,0.010,62.520,1314.250,20.970,100.000,92.060,202.800,572.000,66.000,64.281,383.106,55.000,1250.590,34.608
0.5,0.010,70.175,1317.170,20.970,99.950,98.100,233.400,578.000,66.000,64.500,384.928,55.000,1290.650,35.708
0.5,0.010,75.540,1319.910,20.970,96.900,100.000,256.600,586.000,66.000,64.594,386.584,55.000,1344.500,37.188
0.5,0.010,78.930,1322.830,20.970,95.000,100.000,268.200,588.000,66.000,64.781,387.594,55.000,1402.940,38.813
0.5,0.015,82.965,1325.800,20.970,94.750,99.380,270.800,594.000,67.000,65.000,390.125,55.000,1468.310,40.578
0.5,0.010,85.570,1328.554,20.970,94.400,97.780,267.400,596.000,67.000,65.188,390.456,55.000,1536.530,42.488
0.5,0.010,85.920,1331.260,20.970,93.500,95.110,261.000,596.000,67.000,65.281,392.444,55.000,1604.140,44.344
0.5,0.015,36.460,1334.160,20.970,36.200,35.010,235.200,596.000,67.000,65.594,393.272,55.000,1629.960,45.358
0.5,0.010,0.000,1336.784,20.970,0.000,0.000,158.800,596.000,67.000,65.688,388.103,55.000,1656.982,45.878
0.5,0.015,0.000,1339.710,20.970,0.000,0.000,136.200,590.000,68.000,65.875,382.609,54.600,1652.089,45.759
0.5,0.010,0.000,1342.370,20.970,0.000,0.000,117.600,596.000,68.000,66.094,380.125,54.000,1643.780,45.558
0.5,0.015,0.000,1345.200,20.970,0.000,0.000,111.400,596.000,68.000,66.281,378.438,53.300,1640.020,45.404
0.5,0.010,0.000,1347.680,20.970,0.000,0.000,110.000,596.000,68.000,66.500,376.919,52.700,1637.580,45.358
0.5,0.015,0.000,1349.920,20.970,0.000,0.000,110.000,596.000,68.000,66.688,376.253,52.000,1641.000,45.429
0.5,0.015,0.000,1352.230,20.970,0.000,0.000,110.000,596.000,68.000,66.781,374.597,51.000,1654.020,45.779
0.5,0.010,0.000,1354.500,20.970,0.000,0.000,110.000,596.000,69.000,67.000,373.603,50.200,1670.130,46.248
0.5,0.015,0.000,1356.380,20.970,0.000,0.000,110.000,596.000,69.000,67.188,373.272,49.300,1685.990,46.669
0.5,0.010,0.000,1358.390,20.970,0.000,0.000,110.000,596.000,69.000,67.375,372.113,48.400,1703.310,47.143
0.5,0.015,0.000,1360.640,20.970,0.000,0.000,110.000,596.000,69.000,67.594,370.456,47.500,1718.550,47.569
0.5,0.015,0.000,1362.860,20.970,0.000,0.000,110.000,596.000,69.000,67.781,370.125,46.500,1739.000,48.123
0.5,0.010,0.000,1364.550,20.970,0.000,0.000,110.000,596.000,69.000,67.875,370.125,45.600,1758.340,48.663
0.5,0.015,0.000,1366.880,20.970,0.000,0.000,108.800,596.000,69.000,68.094,369.113,44.700,1801.040,49.793
0.5,0.015,1.640,1369.020,20.970,4.300,2.839,123.800,596.000,70.000,68.281,365.922,43.700,1732.399,51.269
0.5,0.015,3.215,1371.290,20.970,6.500,3.314,130.400,586.000,70.000,68.375,361.947,42.600,1576.466,52.773
0.5,0.015,0.000,1373.280,20.970,0.000,0.000,127.000,596.000,70.000,68.594,358.097,41.600,1614.168,53.998
0.5,0.015,0.000,1375.150,20.970,0.000,0.000,118.400,590.000,70.000,68.688,355.756,40.600,1641.030,54.958
0.5,0.015,0.000,1377.150,20.970,0.000,0.000,111.200,596.000,70.000,68.781,353.934,39.700,1661.430,55.609
0.5,0.015,0.000,1379.200,20.970,0.000,0.000,110.000,596.000,70.000,69.000,353.438,39.000,1678.740,56.163
0.5,0.015,0.000,1381.370,20.970,0.000,0.000,110.000,596.000,71.000,69.094,352.941,38.200,1696.070,56.763
0.5,0.015,0.000,1382.720,20.970,0.000,0.000,110.000,596.000,71.000,69.281,352.775,37.800,1707.430,57.143
0.5,0.020,0.000,1384.630,20.970,0.000,0.000,110.000,596.000,71.000,69.281,351.284,37.000,1725.480,57.728
0.5,0.015,0.000,1386.200,20.970,0.000,0.000,110.000,596.000,71.000,69.500,351.119,36.500,1735.400,58.088
0.5,0.015,0.000,1387.630,20.970,0.000,0.000,109.200,596.000,71.000,69.500,350.456,36.000,1751.480,58.588
0.5,0.015,5.415,1389.050,20.970,14.600,7.510,115.400,588.000,71.000,69.594,349.812,35.300,1582.140,59.823
0.5,0.020,1.185,1390.650,20.970,3.150,2.150,123.800,578.000,71.000,69.688,347.469,35.000,1504.930,61.019
0.5,0.015,0.000,1392.080,20.970,0.000,0.000,120.600,580.000,71.000,69.781,344.031,34.000,1522.640,61.623
0.5,0.020,0.000,1393.640,20.970,0.000,0.000,112.000,596.000,71.000,69.781,343.875,33.800,1538.760,62.313
0.5,0.015,0.000,1395.500,20.970,0.000,0.000,110.000,596.000,71.000,69.875,343.719,33.000,1554.833,62.974
0.5,0.020,0.000,1397.230,20.970,0.000,0.000,110.000,596.000,71.000,69.875,343.094,33.000,1572.043,63.624
0.5,0.015,0.000,1398.830,20.970,0.000,0.000,108.800,596.000,71.000,70.094,342.469,32.600,1586.380,64.244
0.5,0.020,0.000,1400.810,20.970,0.000,0.000,108.000,596.000,72.000,70.094,341.375,32.000,1602.780,64.859
0.5,0.015,0.000,1402.920,20.970,0.000,0.000,108.000,596.000,72.000,70.094,341.062,32.000,1617.800,65.528
0.5,0.020,0.000,1404.120,20.970,0.000,0.000,108.000,596.000,72.000,70.281,340.906,32.000,1633.330,66.139
0.5,0.020,0.000,1405.860,20.970,0.000,0.000,109.400,596.000,72.000,70.281,340.750,31.000,1637.020,66.333
0.5,0.015,0.000,1407.800,20.970,0.000,0.000,110.000,596.000,72.000,70.281,340.750,31.000,1626.590,65.928
0.5,0.020,0.000,1408.620,20.970,0.000,0.000,110.000,592.000,72.000,70.281,340.750,31.000,1612.290,65.343
0.5,0.020,0.000,1410.040,20.970,0.000,0.000,110.000,592.000,72.000,70.375,340.750,30.700,1597.490,64.728
0.5,0.015,0.000,1411.310,20.970,0.000,0.000,110.000,588.000,72.000,70.500,340.750,30.000,1582.320,64.139
0.5,0.020,0.000,1412.230,20.970,0.000,0.000,110.000,588.000,72.000,70.500,340.750,30.000,1570.890,63.629
0.5,0.015,0.000,1413.830,20.970,0.000,0.000,110.000,584.000,72.000,70.500,340.750,30.000,1563.860,63.384
0.5,0.020,0.000,1414.870,20.970,0.000,0.000,110.000,586.000,72.000,70.594,340.125,30.000,1547.930,62.733
0.5,0.015,0.000,1416.030,20.970,0.000,0.000,110.000,584.000,72.000,70.688,340.438,29.500,1542.280,62.479
0.5,0.020,0.000,1417.170,20.970,0.000,0.000,110.000,586.000,72.000,70.688,340.281,29.000,1549.068,62.738
0.5,0.015,0.000,1418.840,20.970,0.000,0.000,110.000,588.000,72.000,70.688,339.500,29.000,1551.556,62.853
0.5,0.020,0.000,1420.320,20.970,0.000,0.000,110.000,586.000,72.000,70.688,339.188,29.000,1538.170,62.358
0.5,0.015,0.000,1421.830,20.970,0.000,0.000,110.000,576.000,72.000,70.781,338.875,29.000,1507.680,61.149
0.5,0.015,0.000,1423.200,20.970,0.000,0.000,109.400,574.000,72.000,70.875,338.562,29.000,1483.350,60.098
0.5,0.020,0.000,1424.900,20.970,0.000,0.000,110.400,576.000,72.000,70.875,337.469,28.700,1469.440,59.553
0.5,0.015,0.000,1426.210,20.970,0.000,0.000,118.000,576.000,72.000,70.875,335.438,28.000,1406.630,58.949
0.5,0.015,10.510,1427.780,20.970,38.050,19.690,120.200,536.000,72.000,70.875,331.844,28.000,1054.680,58.869
0.5,0.020,22.945,1429.410,20.970,78.600,44.420,126.800,537.333,72.000,70.875,331.375,28.000,1006.060,58.538
0.5,0.015,30.155,1430.710,20.970,70.100,42.960,128.000,592.000,72.000,70.875,331.375,28.000,1360.920,58.754
0.5,0.015,63.715,1431.730,20.970,100.000,79.970,172.600,590.000,72.000,71.000,332.469,28.000,1456.460,58.973
0.5,0.015,16.540,1433.450,20.970,23.100,21.340,203.000,560.000,72.000,71.094,335.438,28.000,1374.950,58.834
0.5,0.020,28.035,1434.830,20.970,61.000,44.220,148.000,556.000,72.000,71.094,332.156,28.000,1212.960,58.898
0.5,0.015,56.840,1435.930,20.970,100.000,86.780,171.600,566.000,72.000,71.094,332.625,28.000,1208.880,59.219
0.5,0.015,65.660,1437.680,20.970,100.000,97.280,211.400,568.000,72.000,71.094,337.156,28.000,1220.690,59.818
0.5,0.020,70.325,1439.390,20.970,97.550,100.940,239.800,568.000,72.000,71.094,340.906,28.500,1235.096,60.499
0.5,0.015,71.335,1440.920,20.970,96.000,101.000,251.800,570.000,72.000,71.094,343.875,29.000,1250.179,61.253
0.5,0.015,72.070,1442.820,20.970,95.950,100.940,255.200,572.000,72.000,71.094,346.531,29.400,1265.540,61.973
0.5,0.020,72.050,1444.690,20.970,95.000,100.020,256.000,574.000,72.000,71.094,349.031,30.000,1280.030,62.738
0.5,0.015,48.740,1446.530,20.970,65.200,67.760,254.000,572.000,72.000,71.094,350.953,30.800,1277.980,62.939
0.5,0.020,3.375,1448.860,20.970,7.750,6.370,172.800,534.000,72.000,71.094,349.344,31.000,1100.260,62.784
0.5,0.015,0.000,1450.560,20.970,0.000,0.000,128.200,554.000,72.000,71.094,345.281,31.000,1077.650,62.389
0.5,0.020,0.000,1452.520,20.970,0.000,0.000,116.800,548.000,72.000,71.094,342.000,31.000,1067.190,61.829
0.5,0.015,0.000,1454.050,20.970,0.000,0.000,113.600,542.000,72.000,71.188,339.656,31.000,1056.360,61.273
0.5,0.020,6.275,1456.070,20.970,26.300,12.380,112.000,586.000,73.000,71.188,337.469,31.000,1137.560,60.913
0.5,0.015,0.000,1457.840,20.970,0.000,0.000,113.600,590.000,73.000,71.281,334.344,30.600,1223.880,59.998
0.5,0.015,0.000,1459.140,20.970,0.000,0.000,114.000,572.000,73.000,71.281,331.375,30.000,1198.700,58.789
0.5,0.015,3.420,1460.810,20.970,24.400,5.900,113.800,538.000,73.000,71.281,329.812,30.000,1148.790,57.039
0.5,0.020,19.700,1462.080,20.970,53.950,24.820,119.800,596.000,73.000,71.281,327.469,30.000,1701.310,54.543
0.5,0.010,0.005,1463.440,20.970,0.000,0.000,131.800,592.000,73.000,71.281,325.594,29.000,1857.520,51.563
0.5,0.015,0.000,1464.900,20.970,0.000,0.000,119.600,596.000,73.000,71.375,324.969,29.000,1732.360,48.129
0.5,0.015,0.000,1466.520,20.970,0.000,0.000,112.800,572.000,73.000,71.500,324.188,29.000,1591.990,44.268
0.5,0.010,0.000,1467.200,20.970,0.000,0.000,109.600,550.000,72.000,71.500,323.875,29.000,1447.305,40.264
0.5,0.010,23.675,1468.820,20.970,59.650,28.203,119.000,592.000,72.000,71.500,322.625,29.000,1686.367,36.639
0.5,0.010,0.005,1469.720,20.970,0.000,0.000,135.200,594.000,72.000,71.594,321.531,29.000,1713.047,32.363
0.5,0.010,0.000,1471.070,20.970,0.000,0.000,123.800,564.000,72.000,71.688,318.875,28.700,1488.720,28.044
0.5,0.005,6.445,1472.030,20.970,24.900,9.900,113.400,562.000,72.000,71.688,318.719,28.000,1340.320,24.873
0.5,0.005,3.980,1473.580,20.970,9.700,5.080,118.600,596.000,72.000,71.781,316.844,28.000,1521.120,23.638
0.5,0.010,0.000,1474.710,20.970,0.000,0.000,120.800,594.000,72.000,71.875,314.812,28.000,1496.530,22.978
0.5,0.005,0.000,1476.090,20.970,0.000,0.000,113.200,572.000,72.000,71.875,313.406,28.000,1432.610,22.003
0.5,0.005,0.000,1477.230,20.970,0.000,0.000,110.000,558.000,72.000,72.000,312.781,28.000,1367.000,20.988
0.5,0.005,0.000,1478.895,20.970,0.000,0.000,109.600,550.000,72.000,72.094,312.625,28.000,1305.790,20.038
0.5,0.005,0.000,1479.690,20.970,0.050,0.010,107.200,558.000,72.000,72.094,312.625,28.000,1277.950,19.563
0.5,0.005,3.875,1480.860,20.970,11.450,6.060,111.800,562.000,72.000,72.094,310.750,28.000,1281.850,19.683
0.5,0.005,19.285,1481.880,20.970,53.000,29.320,116.000,592.000,72.000,72.188,309.344,28.000,1364.060,20.723
0.5,0.010,54.415,1482.910,20.970,98.150,69.080,145.600,596.000,72.000,72.188,309.344,28.000,1473.120,22.513
0.5,0.005,80.055,1483.920,20.970,96.850,85.780,215.400,596.000,72.000,72.281,313.094,28.500,1685.550,25.699
0.5,0.010,31.180,1484.870,20.970,28.683,29.480,237.400,574.000,72.000,72.281,315.594,29.000,1667.161,28.264
0.5,0.005,4.675,1486.100,20.970,14.550,9.140,156.600,532.000,72.000,72.281,312.000,29.000,1152.950,30.043
0.5,0.010,35.455,1486.910,20.970,88.600,58.340,135.200,564.000,72.000,72.281,309.500,29.000,1172.850,32.274
0.5,0.010,56.205,1488.250,20.970,100.000,83.911,166.200,580.000,72.000,72.281,311.844,29.000,1246.646,34.418
0.5,0.010,70.365,1489.290,20.970,99.850,95.830,211.400,584.000,72.000,72.375,317.156,29.800,1327.280,36.683
0.5,0.010,79.280,1490.250,20.970,95.300,100.000,253.400,590.000,72.000,72.375,321.688,30.000,1405.160,38.833
0.5,0.010,83.690,1491.530,20.970,94.500,99.130,265.600,594.000,72.000,72.375,325.281,31.000,1479.590,40.919
0.5,0.015,85.235,1492.730,20.970,93.150,97.190,261.800,596.000,73.000,72.375,329.604,31.600,1546.660,42.763
0.5,0.010,86.280,1493.880,20.970,91.750,94.710,257.800,596.000,73.000,72.375,332.156,32.400,1617.310,44.744
0.5,0.015,59.800,1495.180,20.970,60.550,62.810,250.600,596.000,73.000,72.375,335.125,33.400,1656.500,46.049
0.5,0.010,2.070,1496.620,20.970,5.700,3.870,180.400,534.000,73.000,72.500,332.625,34.000,1312.660,46.773
0.5,0.015,38.205,1497.830,20.970,88.650,63.060,145.000,560.000,73.000,72.500,330.750,35.000,1181.880,47.699
0.5,0.015,49.630,1498.990,20.970,85.700,75.280,175.800,566.000,73.000,72.594,332.469,35.000,1203.230,48.769
0.5,0.010,4.205,1500.080,20.970,40.950,7.832,162.200,552.000,73.000,72.594,333.250,35.000,1172.548,49.478
0.5,0.015,14.005,1501.390,20.970,42.200,18.340,134.000,596.000,73.000,72.594,331.375,35.000,1620.647,49.734
0.5,0.015,0.000,1502.500,20.970,0.000,0.000,132.400,594.000,73.000,72.688,329.500,34.600,1750.430,48.598
0.5,0.010,0.000,1503.870,20.970,0.000,0.000,117.800,596.000,73.000,72.781,328.094,34.000,1689.180,46.783
0.5,0.015,15.515,1504.340,20.970,45.750,19.410,114.400,592.000,73.000,72.781,327.000,34.000,1722.750,45.929
0.5,0.010,2.320,1505.450,20.970,2.250,1.680,135.600,594.000,73.000,72.781,325.594,34.000,1973.420,44.938
0.5,0.015,0.000,1506.378,20.541,0.000,0.000,130.800,596.000,73.000,72.875,323.719,34.000,1908.090,43.158
0.5,0.010,0.000,nan,-0.466,0.000,0.000,116.400,596.000,73.000,73.000,324.188,34.000,1828.800,41.453
0.5,0.010,0.000,nan,-0.466,0.000,0.000,112.600,594.000,73.000,73.094,324.812,33.100,1744.450,39.573
0.5,0.015,0.000,nan,-0.466,0.000,0.000,111.400,580.000,73.000,73.188,324.656,33.000,1636.970,37.128
0.5,0.005,0.000,nan,-0.466,0.000,0.000,110.000,560.000,73.000,73.281,324.656,33.000,1521.850,34.518
0.5,0.010,0.000,nan,-0.466,0.000,0.000,110.000,554.000,73.000,73.375,324.656,33.000,1430.260,32.428
0.5,0.010,0.000,nan,-0.466,0.000,0.000,110.000,554.000,73.000,73.500,324.812,32.100,1369.010,31.033
0.5,0.010,0.000,nan,-0.466,0.000,0.000,110.000,552.000,74.000,73.594,323.875,32.000,1315.850,29.833
0.5,0.005,0.000,nan,-0.466,0.000,0.000,108.200,554.000,74.000,73.688,323.719,32.000,1267.591,28.699
0.5,0.010,6.085,nan,-0.466,28.750,11.434,110.200,568.000,74.000,73.781,322.312,31.900,1302.358,27.273
0.5,0.005,0.000,nan,-0.466,0.000,0.000,116.444,572.000,74.000,73.781,320.906,31.000,1311.048,24.738
0.5,0.010,0.000,nan,-0.466,0.000,0.000,113.625,538.000,74.000,73.875,319.344,31.000,1126.250,21.178
0.5,0.005,10.595,nan,-0.466,57.050,17.950,110.125,564.000,74.000,74.000,318.875,31.000,1203.500,18.763
0.5,0.005,0.000,nan,-0.466,0.000,0.000,115.600,564.000,74.000,74.000,317.469,30.700,1308.410,16.684
0.5,0.000,0.000,nan,-0.466,0.000,0.000,114.400,560.000,74.000,74.094,315.750,30.000,1192.330,15.189
0.5,0.005,0.000,nan,-0.466,0.000,0.000,109.400,536.000,74.000,74.188,315.438,30.000,1060.330,13.514
0.5,0.005,0.000,nan,-0.466,0.000,0.000,107.600,512.000,74.000,74.188,313.562,30.000,971.780,12.368
0.5,0.005,0.000,nan,-0.466,0.000,0.000,108.000,496.000,74.000,74.281,312.312,30.000,915.980,11.658
0.5,0.000,0.000,nan,-0.466,0.000,0.000,108.000,482.000,74.000,74.375,310.125,30.000,859.980,10.944
0.5,0.005,4.195,nan,-0.466,21.750,9.590,108.000,492.000,74.000,74.375,309.344,30.000,859.460,10.358
0.5,0.000,2.415,nan,-0.466,12.500,5.570,108.000,532.000,74.000,74.375,307.156,30.000,920.290,9.883
0.5,0.005,6.155,nan,-0.466,30.950,13.530,108.000,514.000,74.000,74.375,305.750,30.000,904.270,9.668
0.5,0.000,4.765,nan,-0.466,23.100,10.050,108.000,498.000,75.000,74.500,303.562,30.000,862.590,9.338
0.5,0.005,1.430,nan,-0.466,7.750,3.237,108.000,486.000,75.000,74.594,302.625,30.000,833.780,8.958
0.5,0.000,2.290,nan,-0.466,12.550,5.330,106.600,462.000,75.000,74.594,300.438,30.000,795.089,8.574
0.5,0.005,0.540,nan,-0.466,3.000,1.208,106.000,438.000,75.000,74.594,299.422,30.000,747.017,8.058
0.5,0.000,0.265,nan,-0.466,2.050,0.830,106.000,408.000,75.000,74.594,297.594,30.000,692.940,7.468
0.5,0.005,1.130,nan,-0.466,7.950,3.670,105.200,384.000,75.000,74.594,296.625,30.000,652.880,7.049
0.5,0.000,2.220,nan,-0.466,15.550,6.920,104.000,372.000,75.000,74.594,294.700,30.000,628.590,6.848
0.5,0.000,4.000,nan,-0.466,26.450,11.830,104.000,368.000,75.000,74.594,293.859,30.000,626.060,6.103
0.5,0.005,4.270,nan,-0.466,27.650,12.000,104.000,380.000,75.000,74.594,292.172,30.000,644.240,3.429
0.5,0.000,4.290,nan,-0.466,28.000,12.000,104.000,384.000,75.000,74.594,291.475,30.000,648.930,1.258
0.5,0.000,4.320,nan,-0.466,27.950,12.000,104.000,384.000,75.000,74.594,290.375,30.000,649.050,0.598
0.5,0.000,3.600,nan,-0.466,24.150,10.460,104.000,390.000,75.000,74.594,289.000,30.000,656.990,0.030
0.5,0.000,5.135,nan,-0.466,33.100,14.600,104.000,378.000,75.000,74.500,287.594,30.000,637.580,0.279
0.5,0.000,5.565,nan,-0.466,36.350,15.860,104.000,352.000,75.000,74.500,286.188,30.000,605.310,0.715
0.5,0.000,4.130,nan,-0.466,26.250,11.770,104.000,372.000,75.000,74.500,286.188,30.000,627.360,1.342
0.5,0.000,4.240,nan,-0.466,27.200,12.000,104.000,382.000,75.000,74.500,285.775,30.000,644.640,1.298
0.5,0.000,4.280,nan,-0.466,27.550,12.000,104.000,384.000,75.000,74.500,283.850,30.000,648.772,0.550
0.5,0.000,4.305,nan,-0.466,27.800,12.000,104.000,386.000,75.000,74.500,283.438,30.000,649.793,0.500
0.5,0.000,4.320,nan,-0.466,27.900,12.000,104.000,384.000,75.000,74.375,281.891,30.000,649.500,0.150
0.5,0.000,4.290,nan,-0.466,27.650,12.000,104.000,386.000,75.000,74.281,280.766,30.000,650.320,0.000
0.5,0.000,4.300,nan,-0.466,27.800,12.000,104.000,386.000,75.000,74.281,280.350,30.000,650.090,0.000
0.5,0.000,3.975,nan,-0.466,23.900,10.370,104.000,394.000,75.000,74.281,278.288,30.000,660.260,0.000
0.5,0.000,4.565,nan,-0.466,30.650,13.670,104.000,378.000,75.000,74.281,277.875,30.000,635.110,0.000
0.5,0.000,13.395,nan,-0.466,74.650,32.170,104.400,460.000,75.000,74.281,277.875,30.000,805.400,0.469
0.5,0.000,18.385,nan,-0.466,83.050,38.030,110.800,528.000,75.000,74.281,277.875,30.000,940.620,2.929
0.5,0.000,26.955,nan,-0.466,98.950,51.040,118.800,552.000,75.000,74.188,278.012,30.000,1033.310,5.934
0.5,0.005,35.075,nan,-0.466,69.300,43.900,141.000,592.000,75.000,74.188,280.631,30.500,1434.600,8.733
0.5,0.000,1.275,nan,-0.466,7.350,3.910,137.000,516.000,74.000,74.094,281.188,31.000,1064.570,9.578
0.5,0.005,21.365,nan,-0.466,82.500,44.420,122.600,534.000,74.000,74.094,280.212,31.000,988.630,10.518
0.5,0.005,37.665,nan,-0.466,99.850,64.290,133.800,574.000,74.000,74.094,281.469,30.300,1127.960,12.028
0.5,0.000,42.705,1464.485,10.701,80.900,62.711,157.600,592.000,74.000,74.094,285.225,31.000,1285.087,13.713
0.5,0.005,27.260,1222.767,8.336,47.917,37.319,166.800,592.000,74.000,74.094,286.609,31.000,1384.774,14.848
0.5,0.005,21.330,1650.000,12.960,42.833,30.738,151.200,592.000,74.000,74.094,286.328,31.000,1429.715,15.318
0.5,0.005,20.985,1564.700,13.871,41.750,29.075,145.200,588.000,74.000,74.094,286.050,31.000,1459.811,15.638
0.5,0.005,4.335,1289.530,14.869,9.350,5.920,136.200,532.000,74.000,74.094,284.125,31.000,1209.050,15.488
0.5,0.005,10.083,1047.418,17.441,52.250,25.640,120.800,530.000,74.000,74.094,281.750,31.000,1005.180,15.258
0.5,0.000,29.744,860.818,15.088,100.000,55.930,126.000,530.000,74.000,74.094,281.188,31.000,1015.000,15.524
0.5,0.005,39.900,786.249,10.108,99.400,68.550,141.200,554.000,74.000,74.188,284.400,31.000,1072.760,16.399
0.5,0.005,21.764,751.040,7.547,53.700,40.340,150.000,540.000,74.000,74.188,286.609,31.000,1084.520,16.619
0.5,0.005,19.175,708.690,10.157,56.100,35.450,136.200,538.000,74.000,74.188,287.031,31.000,1068.830,16.429
0.5,0.005,18.910,598.160,11.177,59.850,35.480,130.800,536.000,74.000,74.188,286.469,31.000,1051.680,16.144
0.5,0.005,9.135,506.150,11.375,33.450,18.560,125.000,532.000,74.000,74.188,286.328,30.800,1025.570,15.728
0.5,0.005,4.190,421.340,13.585,16.850,8.710,116.600,510.000,74.000,74.188,286.188,30.000,994.060,15.309
0.5,0.005,0.000,336.780,15.722,0.000,0.000,111.200,528.000,74.000,74.188,284.400,30.000,1005.500,15.474
0.5,0.000,0.200,264.640,17.775,0.900,0.390,110.000,526.000,74.000,74.188,283.156,30.000,996.900,15.283
0.5,0.005,3.940,178.780,18.743,17.000,7.639,110.000,528.000,74.000,74.188,281.188,30.000,999.453,15.293
0.5,0.005,5.990,108.240,18.988,26.450,11.998,110.000,514.000,74.000,74.188,280.212,30.000,978.341,14.993
0.5,0.005,8.685,77.470,18.530,40.250,18.280,110.000,516.000,74.000,74.188,278.012,30.000,963.855,14.773
0.5,0.005,23.145,66.880,17.062,92.400,44.180,113.400,532.000,74.000,74.188,277.875,30.000,984.970,15.043
0.5,0.005,31.610,50.490,11.683,100.000,57.070,125.600,554.000,74.000,74.188,278.837,30.000,1039.190,15.883
0.5,0.005,44.510,58.870,8.283,100.000,72.810,144.200,578.000,74.000,74.188,281.891,30.000,1139.560,17.384
0.5,0.005,60.555,122.820,7.455,100.000,86.460,176.400,596.000,74.000,74.188,285.913,30.000,1281.510,19.533
0.5,0.005,79.000,198.060,7.380,98.850,95.510,225.600,596.000,74.000,74.188,291.206,30.000,1462.870,22.314
0.5,0.005,55.745,275.520,7.562,60.450,63.630,256.000,584.000,74.000,74.281,295.525,30.000,1556.930,24.408
0.5,0.010,7.255,291.970,13.580,16.150,11.400,170.800,528.000,74.000,74.281,294.553,30.000,1181.120,25.378
0.5,0.005,44.250,153.780,14.919,96.100,71.250,146.400,552.000,74.000,74.281,292.875,30.000,1155.840,26.163
0.5,0.010,58.945,69.910,8.356,100.000,88.970,178.800,574.000,74.000,74.375,296.491,30.000,1213.330,27.403
0.5,0.005,69.690,95.040,6.906,100.000,97.130,216.200,590.000,74.000,74.375,301.406,30.000,1288.870,29.103
0.5,0.010,77.495,158.690,6.784,95.700,100.000,249.600,594.000,74.000,74.375,305.906,30.800,1374.370,31.044
0.5,0.010,83.290,225.520,7.122,94.700,99.490,264.400,596.000,74.000,74.375,310.438,31.000,1465.220,33.068
0.5,0.010,85.630,261.290,7.560,93.100,97.098,262.200,596.000,74.000,74.375,314.031,31.900,1554.142,35.083
0.5,0.010,86.590,279.260,7.836,91.750,93.850,256.200,596.000,74.000,74.375,318.094,32.400,1640.141,37.019
0.5,0.010,87.155,305.980,8.009,90.200,90.425,252.600,596.000,74.000,74.375,321.375,33.300,1718.520,38.823
0.5,0.010,16.705,357.290,9.692,18.100,17.880,220.800,562.000,74.000,74.500,323.094,34.200,1520.460,39.358
0.5,0.010,25.260,294.730,15.600,56.350,40.430,150.800,542.000,74.000,74.594,319.500,35.000,1194.330,39.723
0.5,0.010,54.390,131.530,10.894,100.000,83.510,167.200,560.000,74.000,74.594,320.281,35.000,1205.060,40.323
0.5,0.015,64.340,231.630,6.578,100.000,94.810,205.000,564.000,74.000,74.594,324.031,35.000,1235.320,41.338
0.5,0.010,71.305,498.640,6.128,98.850,99.720,235.400,568.000,74.000,74.688,328.719,35.000,1271.550,42.534
0.5,0.010,73.630,687.560,6.162,95.100,100.000,252.800,572.000,74.000,74.781,331.844,36.000,1308.670,43.818
0.5,0.015,75.785,768.680,6.583,95.000,100.000,260.200,572.000,74.000,74.781,334.969,36.000,1345.940,45.033
0.5,0.010,77.830,631.330,8.053,95.000,100.000,265.200,578.000,74.000,74.875,337.625,36.000,1382.830,46.274
0.5,0.015,80.505,493.740,8.166,95.000,100.000,267.200,580.000,74.000,74.875,340.906,36.900,1421.360,47.563
0.5,0.015,78.345,494.050,8.074,91.150,96.030,265.800,580.000,75.000,75.000,343.406,37.000,1442.310,48.374
0.5,0.010,4.545,422.430,10.068,6.500,6.680,209.600,570.000,75.000,75.094,344.188,37.700,1408.990,47.438
0.5,0.015,7.140,269.640,16.566,17.050,10.420,141.600,570.000,75.000,75.094,340.281,37.300,1392.220,46.368
0.5,0.010,52.730,117.400,14.932,99.100,73.231,152.000,552.000,75.000,75.281,339.188,37.000,1342.267,45.068
0.5,0.015,68.725,71.020,8.744,100.000,92.448,206.200,560.000,75.000,75.281,342.000,37.000,1346.494,45.078
0.5,0.010,20.915,142.320,8.799,32.150,28.676,211.400,568.000,75.000,75.375,343.875,37.700,1376.501,44.793
0.5,0.015,41.435,177.000,14.172,67.200,49.280,164.800,596.000,75.000,75.500,341.219,37.100,1620.030,44.733
0.5,0.010,80.310,89.070,11.107,97.550,89.240,225.800,592.000,75.000,75.594,341.531,37.000,1612.550,44.658
0.5,0.015,85.965,146.800,9.408,91.700,94.750,264.600,588.000,75.000,75.688,344.188,37.700,1610.790,44.648
0.5,0.010,86.190,221.660,8.957,91.950,95.000,257.600,588.000,75.000,75.781,347.000,38.000,1609.000,44.558
0.5,0.015,86.105,245.950,8.521,92.200,94.670,256.000,590.000,75.000,75.875,350.134,38.400,1613.470,44.693
0.5,0.010,85.975,250.960,8.307,92.550,94.000,255.800,592.000,75.000,76.000,352.444,39.000,1625.650,45.028
0.5,0.015,86.475,249.100,8.227,92.950,93.950,256.000,592.000,75.000,76.094,354.762,39.700,1634.840,45.294
0.5,0.010,86.215,246.410,8.169,92.850,93.390,256.000,592.000,76.000,76.188,357.425,40.300,1644.180,45.534
0.5,0.015,86.545,281.960,8.156,93.350,93.000,255.800,592.000,76.000,76.281,360.291,41.000,1656.720,45.858
0.5,0.015,86.665,451.330,8.394,92.800,92.150,255.200,596.000,76.000,76.500,362.609,42.000,1675.280,46.389
0.5,0.010,86.975,435.440,8.990,92.800,91.490,254.000,596.000,76.000,76.594,365.425,42.700,1696.930,46.998
0.5,0.015,73.180,341.270,9.010,78.850,76.524,253.000,592.000,76.000,76.688,366.750,43.400,1710.555,47.458
0.5,0.010,6.840,291.900,12.026,10.800,8.645,199.800,566.000,76.000,76.781,364.928,44.000,1572.076,46.568
0.5,0.015,32.390,169.660,16.689,63.300,45.921,153.200,552.000,76.000,77.000,360.453,44.000,1397.222,46.559
0.5,0.015,66.415,68.350,10.819,100.000,86.464,194.400,562.000,76.000,77.094,360.953,44.000,1402.241,46.938
0.5,0.010,80.250,81.990,8.183,97.300,99.180,250.800,570.000,76.000,77.188,364.597,44.000,1430.580,47.878
0.5,0.015,83.020,136.770,7.920,94.300,99.160,269.000,576.000,77.000,77.281,367.087,44.000,1467.850,49.108
0.5,0.015,84.895,171.830,7.914,94.900,98.920,264.600,580.000,77.000,77.375,370.125,44.000,1498.890,50.163
0.5,0.010,85.175,188.710,7.898,94.400,98.090,262.400,584.000,77.000,77.500,372.775,44.800,1525.240,51.069
0.5,0.015,85.210,192.000,7.878,93.150,97.120,261.000,584.000,77.000,77.594,375.094,45.000,1550.570,51.913
0.5,0.015,85.485,193.290,7.867,92.200,96.180,260.000,586.000,77.000,77.688,377.931,45.000,1574.760,52.718
0.5,0.015,85.880,210.860,7.804,91.700,95.260,260.000,590.000,77.000,77.781,380.456,45.000,1597.520,53.488
0.5,0.015,86.060,341.920,7.769,92.600,94.240,258.000,590.000,77.000,78.000,383.106,45.600,1621.760,54.283
0.5,0.015,86.400,394.140,7.769,93.200,93.490,257.600,592.000,77.000,78.094,384.762,46.000,1643.880,55.023
0.5,0.015,86.675,311.320,7.777,93.400,92.710,256.000,594.000,78.000,78.188,386.584,46.000,1666.040,55.754
0.5,0.020,86.910,266.920,7.823,92.950,91.780,256.000,592.000,78.000,78.281,387.087,46.900,1689.170,56.558
0.5,0.015,86.650,256.040,7.920,92.600,90.630,255.200,592.000,78.000,78.375,389.450,47.000,1712.090,57.348
0.5,0.015,86.605,257.430,8.857,91.650,89.630,254.200,592.000,78.000,78.594,389.956,47.000,1730.910,57.948
0.5,0.015,74.335,254.820,9.185,80.100,76.650,253.000,592.000,78.000,78.688,390.456,47.300,1739.470,58.353
0.5,0.015,6.520,245.500,12.528,12.700,9.551,201.200,562.000,78.000,78.781,388.775,47.900,1543.891,57.878
0.5,0.020,53.315,143.740,15.259,87.750,69.863,170.800,558.000,78.000,79.000,385.756,47.000,1448.321,58.573
0.5,0.015,35.305,105.890,9.389,46.233,42.122,219.200,560.000,79.000,79.094,386.750,47.000,1410.370,58.443
0.5,0.015,16.340,214.260,14.678,42.133,28.410,159.600,542.000,79.000,79.188,383.769,46.400,1216.090,58.419
0.5,0.015,52.105,89.380,12.657,100.000,81.350,162.800,546.000,79.000,79.375,382.278,45.500,1198.160,58.694
0.5,0.020,61.985,73.680,7.671,100.000,94.130,202.200,548.000,79.000,79.500,384.266,45.000,1207.300,59.133
0.5,0.015,67.830,92.110,6.762,99.900,99.330,232.800,548.000,79.000,79.594,387.087,44.200,1223.530,59.914
0.5,0.015,70.655,106.870,6.655,96.800,101.000,251.400,550.000,79.000,79.781,389.109,43.900,1237.400,60.619
0.5,0.020,71.245,130.600,6.665,96.000,101.000,257.000,552.000,79.000,79.781,390.788,43.000,1250.950,61.289
0.5,0.015,72.140,161.810,6.673,95.600,100.610,259.400,556.000,79.000,79.875,392.444,42.400,1268.790,62.163
0.5,0.020,71.905,191.950,6.673,95.000,100.000,260.000,554.000,79.000,80.000,393.438,42.000,1280.200,62.723
0.5,0.015,72.920,208.440,6.674,95.000,100.000,261.400,558.000,80.000,80.094,394.431,41.700,1297.230,63.548
0.5,0.020,73.725,255.920,6.696,95.000,100.000,262.800,560.000,80.000,80.188,396.584,41.000,1309.998,64.168
0.5,0.015,74.580,289.606,6.719,95.000,100.000,264.000,560.000,80.000,80.281,397.087,41.000,1326.627,64.999
0.5,0.020,75.355,293.640,6.738,95.000,100.000,265.200,562.000,80.000,80.375,399.956,41.000,1339.859,65.623
0.5,0.020,76.280,292.100,6.761,95.000,100.000,266.600,564.000,80.000,80.500,400.125,41.000,1356.020,66.428
0.5,0.015,77.010,289.260,6.791,95.000,100.000,268.000,564.000,80.000,80.688,400.788,41.000,1368.610,67.064
0.5,0.020,77.885,283.020,7.409,95.000,100.000,268.400,564.000,80.000,80.688,403.106,41.900,1385.210,67.864
0.5,0.020,78.610,242.600,8.113,95.000,100.000,269.800,564.000,81.000,80.781,403.603,42.000,1396.630,68.438
0.5,0.020,79.760,223.660,8.036,95.000,100.000,268.600,568.000,81.000,80.875,404.928,42.000,1412.440,69.219
0.5,0.020,80.990,224.250,7.893,95.000,100.000,269.200,568.000,81.000,81.000,406.750,42.700,1429.130,70.003
0.5,0.020,81.690,225.820,7.809,95.000,100.000,268.000,568.000,81.000,81.094,407.762,43.000,1437.310,70.448
0.5,0.015,81.010,226.290,7.720,95.000,100.000,267.000,566.000,81.000,81.281,409.281,43.000,1427.630,70.029
0.5,0.020,79.600,227.000,7.640,95.000,100.000,265.600,560.000,81.000,81.375,410.291,44.000,1409.730,69.138
0.5,0.020,77.975,227.060,7.571,95.000,100.000,264.000,558.000,81.000,81.375,412.941,44.000,1384.470,67.909
0.5,0.020,76.405,229.200,7.518,95.000,100.000,264.000,554.000,81.000,81.594,413.603,44.000,1357.040,66.573
0.5,0.015,74.775,234.660,7.479,95.000,100.000,263.800,552.000,81.000,81.688,415.094,44.000,1327.230,65.124
0.5,0.020,73.130,240.980,7.449,95.000,100.000,262.400,550.000,82.000,81.875,416.419,44.000,1299.599,63.753
0.5,0.015,71.855,248.150,7.432,95.300,100.265,260.400,544.000,82.000,81.875,416.750,44.000,1273.421,62.488
0.5,0.020,71.355,252.030,7.357,96.000,101.000,260.000,544.000,82.000,82.000,416.919,44.000,1250.733,61.343
0.5,0.015,70.480,255.690,6.983,96.000,101.000,260.000,540.000,82.000,82.094,417.594,44.000,1234.090,60.519
0.5,0.020,69.295,262.840,6.674,96.000,101.000,258.556,538.000,82.000,82.281,419.281,44.000,1216.750,59.693
0.5,0.015,68.250,269.050,6.453,96.000,101.000,257.111,534.000,82.000,82.375,420.125,44.000,1198.760,58.789
0.5,0.015,67.135,278.910,6.260,95.300,101.000,254.600,530.000,82.000,82.500,420.622,44.000,1179.980,57.919
0.5,0.015,66.005,283.120,6.061,95.000,101.000,252.600,524.000,83.000,82.594,422.113,44.000,1158.000,56.803
0.5,0.015,64.535,284.620,5.836,94.600,101.000,249.600,520.000,83.000,82.688,422.941,44.000,1134.760,55.669
0.5,0.015,45.345,285.620,5.553,68.150,71.160,235.600,504.000,83.000,82.875,423.603,43.900,1109.000,53.969
0.5,0.015,34.870,265.580,9.974,59.750,45.810,183.600,594.000,83.000,83.000,421.947,43.000,1546.980,52.303
0.5,0.015,77.280,206.050,9.896,98.800,91.790,233.000,568.000,83.000,83.094,420.953,43.000,1517.750,50.903
0.5,0.015,84.260,218.490,8.764,94.450,99.000,269.400,562.000,83.000,83.281,422.941,43.000,1486.410,49.858
0.5,0.015,82.575,204.820,8.283,94.600,99.000,262.000,560.000,83.000,83.375,423.106,43.300,1463.910,49.058
0.5,0.010,81.675,198.940,7.829,95.050,99.700,261.400,560.000,84.000,83.500,424.597,44.000,1442.800,48.358
0.5,0.015,81.225,195.240,7.553,95.000,100.000,262.000,560.000,84.000,83.594,426.419,44.000,1430.471,47.953
0.5,0.015,80.550,198.340,7.420,95.000,100.000,262.600,560.000,84.000,83.688,428.269,44.800,1421.653,47.659
0.5,0.010,79.740,224.700,7.356,95.000,100.000,263.600,556.000,84.000,83.875,430.125,45.000,1411.384,47.298
0.5,0.015,79.045,246.150,7.307,95.000,100.000,264.000,558.000,84.000,84.000,430.456,45.300,1403.020,47.028
0.5,0.015,78.460,255.570,7.284,95.000,100.000,264.000,556.000,84.000,84.094,431.947,46.000,1393.060,46.699
0.5,0.010,78.060,257.880,7.275,95.000,100.000,265.200,556.000,84.000,84.188,433.272,46.000,1386.150,46.453
0.5,0.015,68.280,258.000,7.262,79.500,82.850,265.000,556.000,84.000,84.281,433.438,46.600,1367.970,46.053
0.5,0.010,8.920,249.490,10.946,22.250,18.630,187.800,514.000,84.000,84.375,431.947,47.000,1150.160,45.074
0.5,0.015,48.265,151.870,12.619,100.000,82.040,166.200,510.000,85.000,84.594,430.125,46.000,1101.880,44.683
0.5,0.010,57.150,213.150,5.651,99.900,95.010,197.800,512.000,85.000,84.688,430.953,46.000,1103.620,44.729
0.5,0.015,63.050,188.420,4.349,98.250,100.800,225.400,514.000,85.000,84.781,433.438,46.000,1118.160,45.309
0.5,0.010,64.605,154.550,4.185,95.050,101.000,240.800,522.000,85.000,84.875,434.762,46.000,1138.530,46.119
0.5,0.015,66.080,153.950,4.347,95.000,101.000,248.000,534.000,85.000,85.094,436.584,46.000,1163.670,47.123
0.5,0.015,68.120,207.530,4.702,96.150,101.000,252.600,544.000,85.000,85.188,437.087,46.000,1195.200,48.418
0.5,0.010,69.965,262.940,5.061,96.050,101.000,256.600,550.000,85.000,85.281,438.606,45.100,1228.196,49.738
0.5,0.015,71.765,279.760,5.446,95.850,100.811,261.000,552.000,86.000,85.375,439.450,45.000,1263.022,51.128
0.5,0.015,72.970,283.010,5.840,95.000,100.000,263.200,556.000,86.000,85.500,439.956,45.000,1299.120,52.594
0.5,0.015,74.855,283.110,6.267,95.000,100.000,266.200,558.000,86.000,85.594,440.125,45.800,1331.878,53.938
0.5,0.015,76.780,273.540,7.756,95.000,100.000,269.200,560.000,86.000,85.781,440.125,46.000,1365.960,55.319
0.5,0.015,78.635,250.780,7.834,95.000,100.000,271.800,564.000,86.000,85.781,440.291,46.000,1399.420,56.649
0.5,0.015,81.050,250.710,7.739,95.000,100.000,271.200,566.000,86.000,86.000,440.291,46.000,1431.250,57.953
0.5,0.020,82.795,253.490,7.647,94.350,99.260,268.200,568.000,86.000,86.000,442.444,46.700,1463.810,59.273
0.5,0.015,84.695,252.680,7.579,95.100,99.000,266.000,572.000,87.000,86.188,443.438,47.000,1494.980,60.549
0.5,0.015,68.795,248.190,7.513,72.300,73.330,263.400,572.000,87.000,86.281,443.438,47.100,1506.310,61.394
0.5,0.020,4.645,232.330,12.023,11.800,9.850,184.000,542.000,87.000,86.375,441.450,47.800,1339.750,61.718
0.5,0.015,50.000,139.310,14.074,95.450,76.700,165.400,536.000,87.000,86.500,437.087,47.000,1273.450,62.358
0.5,0.020,67.045,190.880,7.945,100.000,94.950,215.000,542.000,87.000,86.688,439.113,47.000,1290.190,63.209
0.5,0.015,73.675,235.280,7.009,96.550,100.000,253.800,546.000,87.000,86.781,440.125,47.000,1312.250,64.263
0.5,0.020,75.015,200.190,6.981,95.000,100.000,266.600,552.000,87.000,86.875,440.125,47.000,1334.420,65.378
0.5,0.020,76.210,196.490,7.085,95.000,100.000,269.800,554.000,87.000,87.000,440.622,47.000,1355.350,66.388
0.5,0.015,77.475,223.580,7.106,95.000,100.000,270.000,556.000,88.000,87.094,442.444,46.600,1377.405,67.473
0.5,0.020,78.740,260.380,7.050,95.000,100.000,270.000,558.000,88.000,87.281,442.609,46.000,1399.850,68.559
0.5,0.020,80.275,269.390,6.994,95.000,100.000,270.000,562.000,88.000,87.375,443.438,46.000,1421.496,69.614
0.5,0.020,82.092,269.120,6.939,94.950,99.990,270.000,564.000,88.000,87.500,443.769,46.000,1443.130,70.694
0.5,0.020,62.638,264.750,6.882,76.750,82.910,266.000,564.000,88.000,87.500,444.928,46.000,1456.160,71.523
0.5,0.020,7.410,249.450,11.029,14.950,11.580,193.200,528.000,88.000,87.688,443.272,46.000,1270.530,71.508
0.5,0.020,28.575,151.110,13.797,57.150,43.640,159.200,526.000,88.000,87.781,439.956,45.800,1236.330,71.803
0.5,0.020,2.875,215.410,12.525,8.450,5.380,141.200,500.000,88.000,87.875,437.094,45.000,1082.260,71.834
0.5,0.020,0.000,190.560,16.838,0.000,0.000,122.000,492.000,88.000,88.000,433.934,44.600,1022.490,71.703
0.5,0.020,0.000,94.430,18.983,0.000,0.000,115.400,492.000,88.000,88.000,430.456,44.000,1022.820,71.584
0.5,0.020,0.000,53.630,19.369,0.000,0.000,113.400,488.000,88.000,88.094,427.931,43.100,1019.550,71.363
0.5,0.020,8.495,40.420,19.678,30.000,13.090,112.000,480.000,89.000,88.188,424.266,42.600,1042.390,71.169
0.5,0.020,8.685,26.720,17.467,21.250,12.130,120.400,594.000,89.000,88.188,422.775,42.000,1685.290,70.468
0.5,0.020,0.000,100.920,18.602,0.000,0.000,127.800,580.000,89.000,88.281,419.281,41.000,1705.710,69.203
0.5,0.015,0.000,58.560,19.744,3.750,0.140,114.800,582.000,89.000,88.500,417.762,40.300,1671.910,67.813
0.5,0.020,15.585,18.480,19.046,48.450,18.168,124.200,582.000,89.000,88.500,416.087,39.500,1843.849,66.473
0.5,0.020,0.000,60.730,18.536,0.000,0.000,138.400,594.000,89.000,88.500,411.947,38.900,1923.811,64.543
0.5,0.015,0.000,59.730,19.621,0.000,0.000,122.200,588.000,89.000,88.500,410.125,38.000,1854.290,62.228
0.5,0.020,0.000,40.660,19.896,0.000,0.000,114.200,578.000,89.000,88.594,409.956,37.200,1772.490,59.469
0.5,0.015,0.000,29.180,20.055,0.000,0.000,112.000,566.000,89.000,88.688,408.269,36.800,1692.840,56.789
0.5,0.015,0.000,25.010,20.161,0.000,0.000,111.600,558.000,89.000,88.688,407.931,36.000,1611.360,54.063
0.5,0.015,0.000,22.500,20.238,0.000,0.000,110.000,552.000,88.000,88.688,406.750,35.900,1538.350,51.564
0.5,0.010,11.435,12.820,20.543,31.400,13.920,111.800,550.000,88.000,88.781,405.922,35.000,1515.790,49.973
0.5,0.015,4.580,17.120,18.324,9.050,5.570,128.600,588.000,88.000,88.875,403.603,35.000,1735.920,48.343
0.5,0.015,0.000,67.380,19.011,0.000,0.000,130.000,574.000,88.000,89.000,400.456,34.000,1665.020,46.198
0.5,0.010,15.500,43.650,20.038,43.050,17.300,119.400,576.000,88.000,89.000,399.281,33.900,1694.300,44.934
0.5,0.015,0.000,58.446,17.836,0.600,0.830,137.000,586.000,88.000,89.000,395.759,33.000,1902.530,43.288
0.5,0.010,0.000,82.896,19.671,0.000,0.000,130.200,590.000,88.000,89.000,393.438,33.000,1814.930,41.103
0.5,0.010,0.000,44.500,20.015,0.000,0.000,116.400,576.000,88.000,89.000,392.775,32.300,1733.760,39.288
0.5,0.010,0.000,32.260,20.168,0.000,0.000,112.800,562.000,88.000,89.000,392.775,32.000,1638.923,37.163
0.5,0.010,0.000,25.140,20.253,0.000,0.000,111.800,552.000,88.000,89.000,391.781,32.000,1546.579,35.073
0.5,0.010,0.000,19.990,20.316,0.000,0.000,110.000,544.000,88.000,89.094,390.622,32.000,1463.520,33.188
0.5,0.010,0.000,16.750,20.354,0.000,0.000,110.000,536.000,88.000,89.094,390.456,32.000,1389.430,31.514
0.5,0.010,0.000,14.810,20.380,0.000,0.000,110.000,530.000,88.000,89.188,390.125,31.800,1318.090,29.883
0.5,0.005,9.060,10.420,20.578,45.250,13.490,109.600,550.000,88.000,89.188,389.956,31.000,1341.110,28.903
0.5,0.010,0.005,24.260,18.774,0.000,0.000,118.800,564.000,88.000,89.188,387.425,31.000,1475.290,27.599
0.5,0.005,0.000,63.530,19.493,0.000,0.000,118.000,558.000,88.000,89.188,385.922,31.000,1416.700,26.558
0.5,0.010,0.000,46.210,19.951,0.000,0.000,111.800,552.000,88.000,89.188,384.597,31.000,1400.890,26.153
0.5,0.005,12.410,21.930,20.505,39.600,16.980,111.400,564.000,88.000,89.188,383.934,31.000,1500.740,27.419
0.5,0.010,1.755,32.960,17.927,4.250,2.740,127.200,594.000,88.000,89.188,381.947,31.000,1846.100,28.404
0.5,0.005,0.000,88.140,19.149,0.000,0.000,127.600,596.000,88.000,89.188,379.788,30.000,1863.360,28.533
0.5,0.010,0.000,54.480,19.832,0.000,0.000,116.000,592.000,88.000,89.188,379.619,30.000,1874.340,28.718
0.5,0.010,0.000,35.740,20.159,0.000,0.000,113.000,588.000,88.000,89.188,380.125,30.000,1878.230,28.788
0.5,0.005,0.000,23.140,20.307,0.000,0.000,112.000,584.000,88.000,89.188,379.788,30.000,1838.780,28.208
0.5,0.010,0.000,18.200,20.355,0.000,0.000,112.000,578.000,88.000,89.188,380.125,30.000,1787.658,27.429
0.5,0.005,0.000,14.810,20.385,0.000,0.000,112.000,572.000,88.000,89.188,380.125,30.000,1736.572,26.648
0.5,0.010,0.000,13.080,20.415,0.000,0.000,112.000,566.000,88.000,89.188,380.125,30.000,1669.560,25.633
0.5,0.005,0.000,12.550,20.441,0.000,0.000,110.800,558.000,88.000,89.188,380.291,30.000,1597.690,24.528
0.5,0.005,0.000,11.920,20.454,0.000,0.000,110.000,550.000,88.000,89.188,380.291,30.000,1522.730,23.394
0.5,0.010,0.000,10.310,20.473,0.000,0.000,110.000,544.000,88.000,89.188,380.125,29.500,1452.680,22.299
0.5,0.005,0.000,9.840,20.476,0.000,0.000,110.000,540.000,88.000,89.188,380.125,29.000,1389.910,21.338
0.5,0.005,0.000,10.000,20.489,0.000,0.000,110.000,534.000,89.000,89.188,380.125,29.000,1335.210,20.498
0.5,0.005,0.000,9.020,20.497,0.000,0.000,110.000,530.000,89.000,89.188,380.125,29.000,1279.520,19.634
0.5,0.005,0.000,8.440,20.497,0.000,0.000,109.400,522.000,89.000,89.188,380.125,29.000,1231.720,18.903
0.5,0.005,0.000,8.000,20.497,0.000,0.000,108.000,516.000,89.000,89.188,379.956,29.000,1191.430,18.284
0.5,0.005,0.000,8.040,20.514,0.000,0.000,108.000,506.000,89.000,89.188,378.944,29.000,1151.050,17.673
0.5,0.005,0.000,9.000,20.518,0.000,0.000,108.000,498.000,89.000,89.188,378.269,29.000,1108.680,17.014
0.5,0.005,0.000,8.360,20.518,0.000,0.000,108.000,488.000,89.000,89.188,376.919,29.000,1058.580,16.263
0.5,0.005,0.000,8.000,20.565,0.000,0.000,106.600,470.000,89.000,89.188,376.750,29.000,986.328,15.194
0.5,0.005,0.000,8.000,20.605,0.000,0.000,108.000,450.000,89.000,89.188,374.928,29.000,905.437,13.958
0.5,0.000,5.670,7.940,20.375,26.800,11.838,109.600,456.000,89.000,89.188,373.438,29.000,1029.358,12.503
0.5,0.005,0.000,33.380,18.734,0.000,0.000,111.400,504.000,89.000,89.188,370.788,29.000,1043.060,11.289
0.5,0.005,0.000,66.200,19.560,0.000,0.000,112.000,460.000,89.000,89.188,369.450,29.000,930.460,10.069
0.5,0.000,0.000,48.430,19.981,0.000,0.000,110.400,420.000,89.000,89.188,366.919,29.000,870.710,9.343
0.5,0.005,0.000,32.290,20.158,0.000,0.000,109.400,434.000,89.000,89.188,364.928,29.000,900.710,9.648
0.5,0.000,0.000,23.300,20.256,0.000,0.000,108.000,440.000,89.000,89.188,362.609,28.300,914.440,9.803
0.5,0.005,0.000,18.830,20.323,0.000,0.000,108.000,460.000,89.000,89.188,360.291,28.000,963.820,10.304
0.5,0.000,0.000,15.740,20.372,0.000,0.000,108.800,502.000,89.000,89.188,357.762,28.000,1050.590,11.233
0.5,0.005,2.030,13.770,20.416,9.150,4.500,110.800,518.000,89.000,89.188,355.756,28.000,1071.040,12.699
0.5,0.005,5.740,12.810,20.134,23.950,11.690,112.200,490.000,89.000,89.188,353.272,28.000,1026.120,14.319
0.5,0.005,2.960,95.460,19.067,12.700,5.610,111.800,474.000,89.000,89.094,351.119,28.000,1023.300,15.793
0.5,0.005,0.000,152.030,19.434,0.000,0.000,111.800,504.000,89.000,89.094,349.188,28.000,1068.560,16.378
0.5,0.000,0.000,83.040,19.974,0.000,0.000,112.000,528.000,89.000,89.094,346.375,28.000,1114.670,17.073
0.5,0.005,0.000,45.140,20.160,0.000,0.000,112.000,548.000,89.000,89.094,343.562,28.000,1163.007,17.798
0.5,0.005,0.000,31.440,20.261,0.000,0.000,113.200,556.000,89.000,89.094,341.219,28.000,1186.547,18.213
0.5,0.005,0.000,23.580,20.325,0.000,0.000,114.000,512.000,89.000,89.094,339.031,28.000,1106.290,17.019
0.5,0.005,0.000,19.210,20.368,0.000,0.000,113.200,472.000,89.000,89.094,336.688,28.000,994.520,15.349
0.5,0.005,0.000,16.750,20.399,0.000,0.000,111.400,442.000,89.000,89.094,334.812,28.000,906.010,13.929
0.5,0.005,0.000,14.550,20.417,0.000,0.000,110.000,416.000,89.000,89.094,331.531,28.000,850.470,13.103
0.5,0.005,4.365,13.170,20.454,24.600,10.730,108.000,378.000,89.000,89.000,331.062,28.000,817.620,12.203
0.5,0.000,4.280,16.580,19.645,18.550,8.450,108.000,496.000,89.000,88.875,328.875,28.000,1015.190,10.873
0.5,0.005,22.600,106.380,18.186,92.050,44.290,113.200,484.000,88.000,88.781,327.781,28.000,992.020,10.678
0.5,0.000,16.010,276.650,12.078,55.200,30.590,124.200,472.000,88.000,88.781,328.094,28.000,964.110,10.479
0.5,0.005,12.915,401.010,12.223,47.700,24.720,118.800,502.000,88.000,88.781,327.469,28.000,1075.760,9.743
0.5,0.000,34.270,234.900,13.227,100.000,60.020,127.000,512.000,88.000,88.781,326.844,28.000,1091.560,9.659
0.5,0.005,52.005,211.450,7.798,99.900,78.230,153.200,562.000,88.000,88.688,329.969,28.000,1244.230,10.944
0.5,0.005,45.455,247.980,6.281,68.450,61.450,193.800,574.000,88.000,88.688,333.094,28.000,1373.040,12.153
0.5,0.000,37.615,242.100,9.941,61.250,51.210,187.600,580.000,88.000,88.594,334.188,28.000,1425.810,12.653
0.5,0.005,42.815,158.710,10.714,67.950,57.080,191.200,570.000,88.000,88.594,334.188,28.500,1435.960,12.743
0.5,0.005,49.110,135.500,10.641,73.250,63.440,203.400,574.000,88.000,88.594,334.656,29.000,1465.540,13.003
0.5,0.005,53.740,184.790,10.527,71.650,66.870,220.800,576.000,88.000,88.594,336.219,29.000,1499.255,13.294
0.5,0.000,53.100,201.490,11.186,68.200,65.684,230.200,576.000,88.000,88.500,337.000,29.900,1513.283,13.449
0.5,0.005,52.780,170.680,11.332,67.800,65.624,232.400,566.000,88.000,88.500,337.469,30.600,1513.074,13.414
0.5,0.005,59.795,152.320,11.283,73.250,72.210,237.200,572.000,88.000,88.500,337.625,31.400,1526.592,13.553
0.5,0.005,59.315,149.030,11.044,70.350,71.120,244.000,568.000,88.000,88.500,337.781,32.400,1538.840,13.648
0.5,0.000,59.880,155.980,10.995,70.600,71.430,244.600,568.000,88.000,88.375,338.719,33.500,1547.910,13.729
0.5,0.005,51.640,158.760,11.027,64.800,63.180,240.400,562.000,88.000,88.375,339.344,34.600,1531.760,13.594
0.5,0.005,58.110,152.740,11.272,72.600,70.450,236.400,566.000,88.000,88.375,339.344,35.500,1529.120,13.579
0.5,0.005,54.230,144.010,11.113,67.150,65.510,240.200,568.000,88.000,88.375,340.438,36.600,1538.070,13.663
0.5,0.000,52.595,142.880,11.135,67.000,64.220,237.600,562.000,88.000,88.500,340.750,37.600,1532.460,13.614
0.5,0.005,48.230,132.130,11.212,63.950,60.450,231.600,558.000,88.000,88.500,340.594,38.600,1508.510,13.388
0.5,0.005,47.260,117.680,11.295,65.400,60.550,224.800,550.000,88.000,88.500,340.906,39.600,1476.710,13.124
0.5,0.005,47.015,109.270,11.253,67.400,61.507,220.000,546.000,88.000,88.500,340.750,40.400,1448.774,12.878
0.5,0.000,51.040,105.870,10.935,72.550,66.614,219.600,546.000,88.000,88.500,340.750,41.200,1441.363,12.793
0.5,0.005,51.470,105.170,10.427,71.200,66.123,224.750,558.000,88.000,88.500,342.312,42.000,1458.398,12.944
0.5,0.005,51.140,106.170,10.334,70.500,66.040,226.000,552.000,88.000,88.500,343.250,42.875,1452.300,12.909
0.5,0.000,50.390,107.330,10.300,69.450,64.920,226.000,554.000,88.000,88.594,343.875,43.500,1453.200,12.893
0.5,0.005,48.500,109.540,10.295,68.800,63.590,223.333,550.000,88.000,88.688,343.875,44.000,1438.720,12.794
0.5,0.005,49.075,109.909,10.302,70.950,65.070,220.000,544.000,88.000,88.688,344.188,44.800,1417.740,12.584
0.5,0.005,49.910,111.714,10.507,72.100,66.120,220.000,546.000,88.000,88.688,345.594,45.000,1417.470,12.584
0.5,0.000,49.715,112.377,10.878,71.000,66.000,220.000,546.000,88.000,88.688,347.000,45.500,1414.270,12.568
0.5,0.005,49.435,110.770,10.879,70.800,65.540,220.000,546.000,88.000,88.688,347.312,46.000,1419.300,12.589
0.5,0.005,48.605,109.000,10.786,69.800,63.760,220.000,550.000,88.000,88.875,348.406,46.000,1434.030,12.733
0.5,0.000,47.395,109.320,10.758,68.050,61.830,219.800,556.000,88.000,89.000,349.344,46.600,1445.090,12.818
0.5,0.005,43.030,107.080,10.788,64.050,57.190,214.400,552.000,88.000,89.000,349.969,47.000,1427.570,12.718
0.5,0.005,35.235,104.940,11.101,56.350,49.210,198.800,538.000,88.000,89.094,349.656,47.000,1382.890,12.303
0.5,0.000,32.160,99.490,11.808,55.850,46.720,181.400,530.000,88.000,89.188,348.562,47.000,1337.010,11.878
0.5,0.005,31.955,89.640,12.100,59.700,48.600,170.800,522.000,89.000,89.188,347.469,47.000,1278.022,11.368
0.5,0.005,31.880,87.120,12.095,62.150,49.491,165.400,522.000,89.000,89.188,348.094,47.000,1250.979,11.098
0.5,0.000,31.100,92.760,11.950,61.350,48.002,162.600,526.000,89.000,89.281,348.719,47.000,1255.893,11.129
0.5,0.005,28.170,94.800,11.894,57.550,43.490,158.600,534.000,89.000,89.375,349.031,46.000,1261.460,11.183
0.5,0.005,25.385,94.230,12.013,54.800,39.530,152.600,534.000,89.000,89.500,348.094,46.000,1270.280,11.243
0.5,0.000,22.590,100.010,12.074,50.050,34.850,147.400,540.000,89.000,89.500,347.469,46.000,1278.720,11.343
0.5,0.005,17.560,182.500,12.570,43.900,28.640,140.200,534.000,89.000,89.594,347.000,45.500,1256.200,11.179
0.5,0.000,17.935,206.570,13.410,47.900,29.570,134.400,524.000,89.000,89.688,344.188,45.000,1237.480,10.973
0.5,0.005,14.560,152.380,13.556,40.300,23.730,131.000,532.000,89.000,89.688,343.875,45.000,1254.570,11.143
0.5,0.005,10.555,111.830,14.439,33.500,18.580,125.600,528.000,89.000,89.688,341.531,44.000,1227.760,10.903
0.5,0.000,11.750,81.070,15.541,38.550,20.900,122.200,514.000,89.000,89.781,340.125,44.000,1199.770,10.648
0.5,0.005,12.065,66.520,15.702,38.600,20.670,122.000,530.000,89.000,89.875,337.781,43.300,1225.890,10.869
0.5,0.000,11.070,62.940,15.715,35.950,18.970,120.200,538.000,89.000,89.875,336.688,43.000,1248.150,11.079
0.5,0.005,9.555,60.660,16.490,30.750,16.300,120.000,536.000,89.000,89.875,334.344,42.400,1245.720,11.054
0.5,0.005,10.090,50.910,17.318,34.200,17.840,118.000,530.000,89.000,89.875,332.000,42.000,1234.070,10.964
0.5,0.000,12.425,41.870,17.378,40.000,21.163,120.000,532.000,89.000,90.000,331.375,41.500,1243.410,11.039
0.5,0.005,12.395,39.240,17.083,39.000,21.000,120.600,538.000,89.000,90.188,329.656,41.000,1255.256,11.148
0.5,0.000,12.315,39.000,16.952,39.000,20.980,122.000,534.000,89.000,90.281,327.781,40.700,1244.884,11.044
0.5,0.005,11.205,39.160,16.913,36.050,19.290,120.800,530.000,89.000,90.281,325.281,40.000,1230.130,10.924
0.5,0.005,10.290,40.000,16.916,34.350,18.210,120.000,522.000,89.000,90.281,324.344,39.900,1212.930,10.778
0.5,0.000,10.780,40.660,16.986,36.200,19.570,118.400,514.000,89.000,90.281,322.156,39.000,1192.680,10.589
0.5,0.005,13.305,43.480,16.975,43.550,23.290,119.400,518.000,89.000,90.281,321.375,39.000,1197.170,10.614
0.5,0.000,13.425,53.560,16.597,42.950,23.220,120.000,528.000,89.000,90.375,319.031,38.300,1203.090,10.678
0.5,0.005,13.750,69.060,16.378,44.200,23.990,122.000,526.000,89.000,90.500,318.562,38.000,1210.760,10.738
0.5,0.005,14.460,73.920,16.232,44.200,24.470,122.000,534.000,89.000,90.594,317.156,37.900,1223.790,10.863
0.5,0.000,12.815,76.000,16.093,39.750,21.700,122.000,540.000,89.000,90.594,315.594,37.000,1236.480,10.969
0.5,0.005,12.180,76.640,16.068,39.000,20.970,122.000,536.000,89.000,90.594,313.875,37.000,1238.340,11.004
0.5,0.000,12.230,77.990,16.068,39.000,21.000,121.200,536.000,89.000,90.594,312.781,36.600,1235.820,10.970
0.5,0.005,11.950,82.790,16.068,37.850,20.370,120.000,538.000,89.000,90.594,311.375,36.000,1252.860,11.093
0.5,0.005,4.890,94.110,16.086,13.450,6.938,119.600,522.000,89.000,90.594,309.500,36.000,1149.498,11.043
0.5,0.000,5.490,103.170,17.300,30.133,14.029,115.400,422.000,89.000,90.594,308.719,35.700,881.362,10.994
0.5,0.005,17.278,76.830,17.488,82.050,37.830,115.000,412.000,89.000,90.594,306.531,35.000,890.940,11.244
0.5,0.005,13.353,103.680,13.250,54.900,27.270,118.000,440.000,89.000,90.594,307.781,35.000,935.030,11.859
0.5,0.000,5.615,242.390,12.698,25.200,12.330,115.000,434.000,89.000,90.594,306.844,35.000,917.570,11.698
0.5,0.005,0.040,244.740,14.909,0.100,0.090,110.800,412.000,89.000,90.594,306.375,35.000,852.730,10.883
0.5,0.000,0.000,161.090,17.356,0.000,0.000,109.000,394.000,89.000,90.594,304.969,34.300,817.300,10.394
0.5,0.005,0.000,88.630,18.626,0.000,0.000,107.800,370.000,89.000,90.594,303.250,34.000,761.930,9.679
0.5,0.005,0.035,55.090,19.243,0.350,0.000,106.000,348.000,89.000,90.594,302.625,34.000,718.590,9.134
0.5,0.000,0.240,38.710,19.730,1.700,0.880,106.000,334.000,89.000,90.594,300.281,34.000,684.500,8.704
0.5,0.000,0.550,27.500,19.952,3.700,1.630,105.800,320.000,89.000,90.500,299.422,34.000,659.660,8.399
0.5,0.005,1.610,22.830,19.993,11.050,4.720,104.000,306.000,89.000,90.375,297.594,34.000,630.110,8.149
0.5,0.000,2.910,19.640,20.005,19.650,8.630,104.000,304.000,89.000,90.375,297.312,34.000,622.200,7.914
0.5,0.005,3.810,15.900,19.708,25.000,10.940,104.000,306.000,89.000,90.375,297.175,33.100,633.720,7.499
0.5,0.000,3.870,14.340,19.232,25.050,11.000,104.000,312.000,89.000,90.375,295.800,33.000,647.910,6.444
0.5,0.000,3.910,13.080,18.988,25.450,11.000,104.000,314.000,89.000,90.281,294.562,33.000,649.410,4.863
0.5,0.005,3.830,12.910,18.865,25.000,11.000,104.000,316.000,89.000,90.188,294.562,33.000,650.787,3.514
0.5,0.000,3.850,12.000,18.800,25.000,11.000,104.000,314.000,89.000,90.000,293.438,33.000,649.686,2.523
0.5,0.000,3.855,12.000,18.756,25.150,11.000,104.000,316.000,89.000,90.000,292.453,33.000,649.451,1.934
0.5,0.000,4.175,12.660,18.668,27.100,11.830,104.000,312.000,89.000,90.000,291.750,33.000,644.110,1.214
0.5,0.000,4.345,19.620,18.500,28.150,12.000,104.000,314.000,89.000,90.000,291.475,33.000,646.650,0.660
0.5,0.000,4.400,41.350,18.301,28.350,12.000,104.000,316.000,89.000,89.875,289.688,33.000,648.920,0.500
0.5,0.000,4.570,69.040,18.118,29.500,12.640,104.000,316.000,89.000,89.875,289.275,33.000,647.620,0.225
0.5,0.000,4.405,91.040,17.957,28.250,12.000,104.000,316.000,89.000,89.781,288.438,33.000,651.510,0.000
0.5,0.000,4.305,109.810,17.857,28.000,12.000,104.000,316.000,89.000,89.781,287.172,33.000,651.660,0.000
0.5,0.000,4.325,115.290,17.831,28.000,12.000,104.000,316.000,89.000,89.781,286.328,33.000,649.950,0.000
0.5,0.000,4.320,116.260,17.831,28.000,12.000,104.000,316.000,89.000,89.781,286.188,33.000,649.960,0.000
0.5,0.000,4.310,117.000,17.831,28.000,12.000,104.000,316.000,89.000,89.781,286.050,33.000,650.050,0.000
0.5,0.000,4.340,117.000,17.831,28.000,12.000,104.000,316.000,89.000,89.688,284.400,33.000,649.780,0.000
0.5,0.000,4.315,117.000,17.831,28.000,12.000,104.000,316.000,89.000,89.688,283.438,33.000,650.140,0.000
0.5,0.000,4.335,117.000,17.831,28.000,12.000,104.000,316.000,89.000,89.594,283.297,33.000,649.810,0.000
0.5,0.000,4.335,117.000,17.831,28.000,12.000,104.000,316.000,89.000,89.594,282.734,33.000,649.970,0.000
0.5,0.000,4.325,117.000,17.831,28.000,12.000,104.000,316.000,89.000,89.594,280.766,33.000,650.150,0.000
0.5,0.000,4.335,116.780,17.831,28.000,12.000,104.000,316.000,89.000,89.594,280.625,33.000,649.870,0.000
0.5,0.000,4.345,116.000,17.831,28.000,12.000,104.000,316.000,89.000,89.594,280.350,33.000,649.910,0.000
0.5,0.000,4.330,116.000,17.814,28.000,12.000,104.000,316.000,89.000,89.594,279.800,33.000,650.181,0.000
0.5,0.000,4.345,116.000,17.817,28.000,12.000,104.000,316.000,89.000,89.594,278.425,33.000,649.820,0.000
0.5,0.000,4.335,116.000,17.831,28.000,12.000,104.000,316.000,89.000,89.594,277.875,33.000,650.080,0.000
0.5,0.000,4.345,116.640,17.831,28.000,12.000,104.000,316.000,89.000,89.500,277.738,33.000,649.870,0.000
0.5,0.000,4.335,117.140,17.831,28.000,12.000,104.000,316.000,89.000,89.500,277.188,33.000,650.220,0.000
0.5,0.000,4.330,118.000,17.831,28.000,12.000,104.000,316.000,89.000,89.500,275.812,33.000,650.130,0.000
0.5,0.000,4.340,118.600,17.831,28.000,12.000,104.000,316.000,88.000,89.375,275.125,33.000,649.880,0.000
0.5,0.000,4.345,120.280,17.831,28.000,12.000,104.000,316.000,88.000,89.281,274.984,33.000,649.720,0.000
0.5,0.000,4.340,121.400,17.831,28.000,12.000,104.000,316.000,88.000,89.281,274.141,33.000,650.200,0.000
0.5,0.000,4.340,122.590,17.831,28.000,12.000,104.000,318.000,88.000,89.281,272.453,33.000,649.790,0.000
0.5,0.000,4.345,124.190,17.831,28.000,12.000,104.000,316.000,88.000,89.281,272.038,33.000,650.069,0.000
0.5,0.000,4.345,125.000,17.831,28.000,12.000,104.000,316.000,88.000,89.281,271.488,33.000,650.130,0.000
0.5,0.000,4.325,126.200,17.831,28.000,12.000,104.000,316.000,88.000,89.281,270.250,33.000,650.191,0.000
0.5,0.000,4.330,127.000,17.831,28.000,12.000,104.000,316.000,88.000,89.281,269.700,33.000,649.949,0.000
0.5,0.000,4.355,127.620,17.831,28.000,12.000,104.000,318.000,88.000,89.188,269.562,33.000,649.390,0.000
0.5,0.000,4.350,128.210,17.831,28.000,12.000,104.000,318.000,88.000,89.188,269.000,33.000,650.490,0.000
0.5,0.000,4.345,129.000,17.831,28.000,12.000,104.000,318.000,88.000,89.094,267.734,33.000,649.870,0.000
0.5,0.000,4.335,128.570,17.831,28.000,12.000,104.000,320.000,88.000,89.094,266.891,33.000,649.980,0.000
0.5,0.000,4.580,128.000,17.831,29.550,12.670,104.000,318.000,88.000,89.094,266.750,33.000,644.410,0.000
0.5,0.000,4.870,128.130,17.866,31.150,13.880,104.000,316.000,88.000,89.094,266.750,33.000,645.560,0.000
0.5,0.000,4.820,126.060,17.929,30.800,13.120,104.000,318.000,88.000,89.094,265.375,33.000,651.560,0.000
0.5,0.000,4.120,125.310,17.868,26.650,11.380,104.000,322.000,88.000,89.000,264.550,33.000,659.760,0.000
0.5,0.000,3.850,126.000,17.866,25.000,11.000,104.000,320.000,88.000,89.000,264.000,33.000,653.100,0.000
0.5,0.000,3.830,120.040,18.036,25.000,11.000,104.000,320.000,88.000,89.000,264.000,33.000,650.710,0.000
0.5,0.000,3.840,105.240,18.216,25.000,11.000,104.000,320.000,88.000,88.875,263.297,33.000,649.815,0.000
0.5,0.000,3.825,93.790,18.323,25.000,11.000,104.000,320.000,88.000,88.781,262.031,33.000,650.082,0.000
0.5,0.000,3.820,88.720,18.381,25.000,11.000,104.000,320.000,88.000,88.781,261.188,33.000,650.277,0.000
0.5,0.000,3.815,86.300,18.423,25.000,11.000,104.000,320.000,88.000,88.781,261.050,33.000,649.880,0.000
0.5,0.000,3.815,83.670,18.449,25.000,11.000,104.000,320.000,88.000,88.781,260.775,33.000,649.870,0.000
0.5,0.000,3.850,81.330,18.471,25.000,11.000,104.000,320.000,88.000,88.781,259.675,33.000,649.610,0.000
0.5,0.000,3.880,79.480,18.484,25.450,11.000,104.000,320.000,88.000,88.781,258.438,33.000,649.590,0.000
0.5,0.000,3.845,78.650,18.497,25.000,11.000,104.000,320.000,88.000,88.781,258.156,33.000,650.430,0.000
0.5,0.000,3.890,77.840,18.497,25.200,11.000,104.000,320.000,88.000,88.688,257.594,33.000,649.310,0.000
0.5,0.000,3.865,76.790,18.497,25.200,11.000,104.000,320.000,88.000,88.688,256.469,33.900,650.300,0.000
0.5,0.000,4.070,76.000,18.490,26.550,11.550,104.000,318.000,87.000,88.594,255.625,34.000,645.530,0.000
0.5,0.000,4.245,76.000,18.423,27.750,12.000,104.000,320.000,87.000,88.594,255.625,34.000,647.160,0.000
